,hotel_id,breakfast,wifi,carpark,airport,restaurant,deposit_box,baby,bar,laundry,tour,spa,pool
0,71,-1,0,0,0,0,0,0,0,0,0,0,0
1,77,-1,1,0,0,1,1,0,1,1,0,0,0
2,123,-1,1,0,1,1,1,0,0,1,1,1,1
3,143,-1,1,0,1,1,1,1,1,1,1,1,1
4,206,-1,0,0,1,1,0,0,1,1,1,0,1
5,245,-1,1,0,1,1,0,0,0,1,1,0,1
6,262,-1,0,0,1,0,0,0,0,1,1,0,0
7,331,-1,0,0,1,0,0,1,1,1,1,1,0
8,343,-1,0,0,1,1,0,0,0,0,0,0,0
9,416,-1,1,0,1,1,1,0,1,1,1,1,1
10,417,-1,0,0,0,0,0,0,0,1,0,0,0
11,446,-1,1,0,1,1,0,0,1,1,1,1,0
12,447,-1,1,0,1,1,1,0,1,1,1,1,1
13,462,-1,1,0,1,1,1,1,1,1,1,1,0
14,662,-1,0,0,1,0,0,1,1,1,1,1,0
15,695,-1,0,0,1,0,0,1,1,1,1,1,0
16,707,-1,1,0,1,1,1,0,1,1,1,0,1
17,765,-1,1,0,0,1,0,0,0,1,1,0,0
18,769,-1,1,0,1,1,1,0,1,1,1,0,0
19,953,-1,1,0,1,0,0,0,0,1,1,0,0
20,959,-1,0,0,0,0,0,0,0,0,0,0,0
21,1087,-1,0,0,0,1,1,0,1,1,1,1,1
22,1106,-1,0,0,1,1,1,1,1,1,1,1,1
23,1262,-1,0,0,1,1,1,0,1,1,1,1,1
24,1400,-1,1,0,1,1,1,0,0,1,1,0,0
25,1525,-1,1,0,1,0,0,0,0,1,0,0,0
26,1551,-1,0,0,1,0,0,0,0,1,1,0,0
27,1784,-1,0,0,1,0,0,1,0,1,1,0,0
28,1878,-1,1,0,1,1,0,0,1,1,1,1,1
29,1926,-1,0,0,1,0,0,0,0,1,1,0,0
30,1954,-1,0,0,0,0,0,0,0,1,0,0,0
31,1988,-1,0,0,1,0,0,0,1,1,1,0,1
32,2041,-1,1,0,1,1,0,0,0,1,1,0,1
33,2114,-1,1,0,1,1,0,0,0,1,1,0,0
34,2144,-1,1,0,0,1,1,0,1,1,1,0,0
35,2269,-1,1,0,1,1,1,0,0,1,1,0,0
36,2350,-1,1,0,0,1,1,0,0,0,0,0,0
37,2376,-1,1,0,1,1,1,0,0,0,0,0,0
38,2431,-1,1,0,1,1,1,0,0,1,1,0,0
39,2451,-1,1,0,1,0,0,0,0,1,1,0,0
40,2461,-1,0,0,1,1,1,0,1,1,1,1,1
41,2636,-1,0,0,1,0,0,0,0,1,1,0,0
42,2649,-1,1,0,0,1,0,0,0,0,0,0,0
43,2665,-1,-1,-1,-1,-1,-1,-1,-1,-1,-1,-1,-1
44,2677,-1,1,0,0,1,1,0,0,1,0,0,0
45,2691,-1,1,0,1,0,1,1,0,1,1,1,0
46,2772,-1,0,0,0,0,0,0,0,0,0,0,0
47,2852,-1,1,0,1,0,0,0,0,1,1,0,0
48,2918,-1,0,0,0,0,0,0,0,1,0,0,0
49,2929,-1,0,0,1,0,0,0,1,1,1,0,1
50,2942,-1,1,0,0,0,0,0,0,0,1,0,0
51,2984,-1,1,0,1,1,1,1,0,1,1,0,1
52,3026,-1,1,1,0,1,0,-1,0,1,1,0,-1
53,3062,-1,1,0,0,1,1,1,1,1,1,0,0
54,3106,-1,1,0,1,1,1,0,0,1,1,0,1
55,3160,-1,1,0,0,0,0,0,0,1,0,0,0
56,3191,-1,1,0,1,0,0,0,0,1,0,0,0
57,3192,-1,1,0,1,0,0,0,0,1,0,0,0
58,3266,-1,0,0,1,1,0,0,0,1,1,0,0
59,3295,-1,1,0,1,0,0,1,0,1,1,0,0
60,3315,-1,-1,-1,-1,-1,-1,-1,-1,-1,-1,-1,-1
61,3317,-1,0,0,1,1,1,0,1,1,1,1,1
62,3361,-1,0,0,1,0,0,0,0,1,1,0,0
63,3368,-1,0,0,0,0,0,0,0,0,0,0,0
64,3452,-1,1,0,1,0,0,0,0,1,0,0,0
65,3477,-1,1,0,1,1,0,0,0,1,1,0,1
66,3544,-1,1,0,1,0,0,0,0,1,0,0,0
67,3565,-1,0,0,0,0,0,0,0,0,0,0,0
68,3578,-1,1,0,1,0,0,0,0,1,0,0,0
69,3604,-1,1,0,1,0,0,0,0,1,1,0,0
70,3617,-1,-1,-1,-1,-1,-1,-1,-1,-1,1,0,0
71,3966,-1,1,0,0,1,0,0,0,1,0,0,0
72,4217,-1,-1,-1,-1,-1,-1,-1,-1,-1,0,0,0
73,4273,-1,0,0,0,0,0,0,0,0,0,0,0
74,4282,-1,1,0,1,1,0,0,0,1,1,0,0
75,4352,-1,0,0,1,0,0,0,0,1,1,0,0
76,4452,-1,0,0,0,1,0,0,0,1,0,0,0
77,4455,-1,1,0,1,0,0,0,0,1,1,0,0
78,4501,-1,1,0,0,0,0,0,0,0,0,0,0
79,4516,-1,1,0,1,1,1,0,0,1,1,0,0
80,4539,-1,0,0,1,1,1,0,0,1,1,0,0
81,4567,-1,0,0,0,0,0,0,0,0,0,0,0
82,4578,-1,1,0,1,0,0,0,0,1,0,0,0
83,4711,-1,1,0,1,0,0,0,0,1,0,0,0
84,4718,-1,1,0,0,1,1,0,0,1,0,0,0
85,4750,-1,0,0,1,0,0,0,0,1,1,0,0
86,4825,-1,1,0,0,0,0,0,0,1,1,0,0
87,4966,-1,0,0,1,0,0,0,0,1,1,0,0
88,5077,-1,0,0,0,0,0,0,0,0,0,0,0
89,5268,-1,0,0,0,0,0,0,0,1,0,0,0
90,5873,-1,1,0,1,1,0,0,0,1,1,0,0
91,5909,-1,0,0,0,0,0,0,0,0,0,0,0
92,5937,-1,1,0,0,0,0,0,0,1,0,0,0
93,6155,-1,0,0,0,0,0,0,0,0,0,0,0
94,6265,-1,1,0,1,0,0,0,0,1,1,0,0
95,6391,-1,1,0,1,1,1,0,0,1,1,0,0
96,6410,-1,0,0,0,0,0,0,0,0,0,0,0
97,6949,-1,-1,-1,-1,-1,-1,-1,-1,-1,-1,-1,-1
98,6986,-1,0,0,0,1,1,0,0,0,0,0,0
99,7045,-1,1,0,0,0,0,0,0,1,0,0,0
100,7046,-1,1,0,1,0,0,0,0,1,1,0,0
101,7064,-1,0,0,1,1,1,0,0,1,1,0,0
102,7131,-1,1,0,1,1,1,0,0,1,-1,-1,-1
103,7589,-1,1,0,0,0,0,0,0,1,0,0,0
104,7919,-1,1,0,0,1,0,0,0,0,0,0,0
105,8721,-1,0,0,0,0,0,0,0,0,0,0,0
106,8722,-1,-1,-1,-1,-1,-1,-1,-1,-1,-1,-1,-1
107,8725,-1,0,0,1,1,0,0,0,0,0,0,0
108,8728,-1,0,0,0,0,0,0,0,0,0,0,0
109,8729,-1,1,0,1,0,1,0,0,1,1,0,0
110,8734,-1,0,0,0,0,0,0,0,0,0,0,0
111,8735,-1,-1,-1,-1,-1,-1,-1,-1,-1,-1,-1,-1
112,8737,-1,-1,-1,-1,-1,-1,-1,-1,-1,0,0,0
113,8739,-1,0,0,0,0,0,0,0,0,0,0,0
114,8918,-1,1,0,1,0,0,0,0,1,1,0,0
115,8919,-1,0,0,1,0,0,0,0,1,1,0,0
116,9703,-1,1,0,1,1,1,1,1,1,0,1,1
117,9810,-1,-1,1,-1,-1,1,-1,1,1,1,1,1
118,9869,-1,-1,-1,-1,-1,-1,-1,-1,-1,0,0,0
119,9893,-1,-1,-1,-1,-1,-1,-1,-1,-1,-1,-1,-1
120,21653,-1,1,0,0,0,0,0,0,1,0,0,0
121,21662,-1,1,0,1,0,0,0,0,1,1,0,0
122,21673,-1,1,0,0,0,0,0,0,0,0,0,0
123,22166,-1,0,0,1,0,0,0,0,1,0,0,0
124,22199,-1,0,0,1,1,0,0,1,1,1,0,1
125,22343,-1,0,0,1,0,0,0,1,1,1,0,0
126,22380,-1,1,0,0,0,0,0,0,0,0,0,0
127,22536,-1,0,0,1,0,0,0,0,1,0,0,0
128,22732,-1,-1,1,-1,-1,1,1,1,1,1,1,-1
129,22741,-1,0,0,0,0,0,0,0,0,0,0,0
130,22774,-1,0,0,1,1,1,0,0,1,1,0,0
131,23047,-1,1,0,1,0,1,0,0,1,1,0,0
132,23228,-1,0,0,1,1,1,0,0,1,1,0,0
133,23341,-1,0,0,1,1,0,0,0,1,1,0,1
134,23411,-1,1,0,1,1,1,0,1,1,1,0,1
135,23418,-1,0,0,0,0,0,0,0,0,0,0,0
136,23518,-1,0,0,0,0,0,0,0,0,0,0,0
137,23699,-1,1,0,1,1,1,0,0,1,1,0,0
138,29475,-1,1,0,1,1,1,0,0,1,1,0,0
139,29483,-1,0,0,1,0,0,0,0,1,0,0,0
140,29514,-1,1,0,1,1,1,0,0,1,1,0,0
141,29672,-1,0,0,0,0,0,0,0,0,0,0,0
142,29676,-1,0,0,1,0,0,0,0,1,1,0,0
143,41168,-1,1,0,1,1,0,0,0,1,1,0,0
144,41169,-1,1,0,0,1,1,0,1,1,1,0,0
145,41171,-1,1,0,0,1,1,0,1,1,0,0,0
146,41172,-1,1,0,1,0,0,0,0,1,0,0,0
147,41175,-1,1,0,1,0,0,0,0,1,1,0,0
148,41176,-1,-1,-1,-1,-1,-1,-1,-1,-1,1,0,0
149,41177,-1,1,0,1,0,0,0,1,1,1,0,0
150,41178,-1,-1,-1,-1,-1,-1,-1,-1,-1,-1,-1,-1
151,41180,-1,1,0,1,0,0,0,0,1,1,0,0
152,41181,-1,1,0,0,0,0,0,0,1,0,0,0
153,41182,-1,1,0,1,1,0,0,0,1,1,0,0
154,41183,-1,1,0,1,1,0,0,0,1,1,0,1
155,41184,-1,1,0,1,0,1,0,0,1,1,0,0
156,41186,-1,1,0,1,1,0,0,0,1,1,0,0
157,41187,-1,1,0,1,1,0,0,0,1,1,0,0
158,41189,-1,1,0,0,1,0,0,0,0,1,0,0
159,41190,-1,1,0,1,0,0,0,0,1,1,0,0
160,41191,-1,1,0,1,1,0,0,0,1,1,0,0
161,41192,-1,1,0,0,0,0,0,0,1,0,0,0
162,41193,-1,1,0,1,1,0,0,1,1,1,0,0
163,41194,-1,1,0,0,0,0,0,0,1,1,0,0
164,41195,-1,1,0,1,0,0,0,0,1,0,0,0
165,41197,-1,-1,1,-1,-1,1,-1,-1,1,1,-1,-1
166,41198,-1,1,0,0,1,1,0,1,1,1,0,0
167,41200,-1,1,0,1,1,1,1,1,1,1,1,1
168,41201,-1,1,0,1,0,0,0,1,1,1,0,0
169,41202,-1,1,0,1,1,0,0,0,1,1,0,0
170,41204,-1,1,0,1,0,0,0,0,1,0,0,0
171,41206,-1,-1,-1,-1,-1,-1,-1,-1,-1,0,0,0
172,41207,-1,1,0,1,0,1,0,0,1,1,0,0
173,41209,-1,1,0,0,0,0,0,0,1,0,0,0
174,41211,-1,-1,-1,-1,-1,-1,-1,-1,-1,-1,-1,-1
175,41212,-1,1,0,0,0,0,0,0,0,0,0,0
176,41213,-1,1,0,1,0,0,0,0,1,1,0,0
177,41215,-1,1,0,1,0,0,0,0,1,0,0,0
178,41217,-1,1,0,1,0,0,0,0,1,1,0,0
179,41218,-1,1,0,1,1,1,0,0,1,0,0,0
180,41220,-1,1,0,0,0,0,0,0,0,0,0,0
181,41223,-1,-1,-1,-1,-1,-1,-1,-1,-1,-1,-1,-1
182,41224,-1,1,0,1,0,0,0,0,1,0,0,0
183,41225,-1,1,0,1,0,0,0,0,1,1,0,0
184,41226,-1,-1,-1,-1,-1,-1,-1,-1,-1,1,0,0
185,41228,-1,1,0,0,0,0,0,0,1,0,0,0
186,41229,-1,1,1,1,1,0,-1,0,1,1,0,-1
187,41230,-1,0,0,0,1,1,0,0,1,1,0,0
188,41231,-1,1,0,1,1,1,0,0,1,1,0,0
189,41232,-1,1,0,1,1,0,0,0,1,1,0,1
190,41234,-1,0,0,0,0,0,0,0,0,0,0,0
191,41235,-1,-1,1,-1,-1,1,-1,-1,1,1,1,-1
192,41236,-1,1,0,1,0,0,0,0,1,0,0,0
193,41237,-1,1,0,1,1,1,0,0,1,1,0,0
194,41238,-1,-1,-1,-1,-1,-1,-1,-1,-1,-1,-1,-1
195,41239,-1,-1,1,-1,-1,-1,-1,-1,1,1,-1,-1
196,41240,-1,1,0,1,0,0,1,0,1,1,0,0
197,41241,-1,1,0,1,0,0,0,0,1,0,0,0
198,41243,-1,-1,1,1,0,0,-1,0,1,1,0,-1
199,41245,-1,1,0,1,0,0,0,1,1,1,0,0
200,41247,-1,1,0,1,0,0,0,0,1,1,0,0
201,41248,-1,1,0,0,0,0,0,0,1,0,0,0
202,41249,-1,1,0,1,0,0,0,0,1,1,0,0
203,41250,-1,1,0,1,1,0,0,0,1,1,0,0
204,41254,-1,1,0,1,0,0,0,0,1,1,0,0
205,41255,-1,1,0,1,0,1,0,0,1,1,0,0
206,41258,-1,0,0,0,0,0,0,0,0,0,0,0
207,41261,-1,1,0,1,0,0,0,0,1,1,0,0
208,41269,-1,1,0,0,0,0,0,0,1,0,0,0
209,41275,-1,1,0,1,0,0,0,0,1,1,0,0
210,41279,-1,1,0,0,0,0,0,0,1,1,1,-1
211,41280,-1,1,0,0,0,0,0,0,1,0,0,0
212,41282,-1,-1,1,-1,-1,-1,-1,-1,-1,-1,-1,-1
213,41284,-1,1,0,1,0,0,1,0,1,1,0,0
214,41288,-1,1,0,0,1,1,0,0,1,0,0,0
215,41289,-1,1,0,1,0,0,0,0,1,0,0,0
216,41295,-1,0,0,1,1,1,0,1,1,1,1,1
217,41298,-1,1,0,1,0,0,0,0,1,1,0,0
218,41300,-1,1,0,0,0,0,0,0,1,0,0,0
219,41303,-1,0,0,0,0,0,0,0,0,0,0,0
220,41304,-1,1,0,1,0,0,0,0,1,1,0,0
221,41306,-1,-1,-1,-1,-1,-1,-1,-1,-1,0,0,0
222,41309,-1,-1,-1,-1,-1,-1,-1,-1,-1,-1,-1,-1
223,41312,-1,1,0,1,0,0,0,0,1,1,0,0
224,41314,-1,1,0,0,0,0,0,0,0,0,0,0
225,41317,-1,1,0,1,0,0,0,0,1,1,0,0
226,41318,-1,1,0,1,1,1,1,1,1,0,1,1
227,41319,-1,1,0,0,0,0,0,0,0,0,0,0
228,41325,-1,1,0,0,0,0,-1,0,0,0,0,-1
229,41329,-1,1,0,1,0,0,0,0,1,1,0,0
230,41330,-1,-1,1,-1,-1,-1,-1,1,-1,1,-1,-1
231,41334,-1,0,0,0,0,0,0,0,0,0,0,0
232,41335,-1,1,0,1,0,0,0,0,1,1,0,0
233,41337,-1,-1,-1,-1,-1,-1,-1,-1,-1,-1,-1,-1
234,41341,-1,-1,1,-1,-1,-1,-1,-1,1,1,-1,-1
235,41342,-1,0,0,0,0,0,0,0,1,1,0,0
236,41345,-1,0,0,0,0,0,0,0,1,1,0,0
237,41348,-1,1,0,1,0,0,0,0,0,0,0,0
238,41349,-1,-1,1,-1,-1,1,-1,-1,1,1,1,-1
239,44241,-1,-1,-1,-1,-1,-1,-1,-1,-1,-1,-1,-1
240,44965,-1,1,0,0,0,0,0,0,1,1,0,0
241,45547,-1,0,0,0,0,0,0,0,0,0,0,0
242,45571,-1,1,0,1,1,1,1,1,1,1,1,1
243,45589,-1,1,0,0,1,1,0,1,1,0,0,0
244,45757,-1,1,0,1,0,1,0,0,1,1,0,0
245,45759,-1,1,0,1,0,1,0,1,1,1,0,0
246,45970,-1,1,0,0,1,0,0,0,1,1,0,0
247,45972,-1,1,0,0,0,0,0,0,1,-1,-1,-1
248,45991,-1,-1,-1,-1,-1,-1,-1,-1,-1,-1,-1,-1
249,46035,-1,1,0,1,0,0,0,0,1,1,0,0
250,46049,-1,1,0,0,0,0,-1,0,0,0,0,-1
251,46089,-1,1,0,0,0,0,0,0,1,1,0,0
252,46102,-1,0,0,0,1,1,1,1,1,1,1,1
253,46209,-1,0,0,1,1,1,0,0,1,1,0,0
254,46551,-1,1,0,1,0,1,0,0,1,1,0,0
255,46572,-1,-1,-1,-1,-1,-1,-1,-1,-1,-1,-1,-1
256,46736,-1,-1,1,-1,-1,-1,-1,-1,1,1,-1,-1
257,46771,-1,1,0,1,0,0,0,0,1,0,0,0
258,46779,-1,0,0,0,0,0,0,0,1,1,1,0
259,46791,-1,1,0,1,0,0,0,1,1,1,0,0
260,46813,-1,0,0,0,0,0,0,0,1,1,0,0
261,46814,-1,1,0,1,0,0,0,0,1,1,0,0
262,46882,-1,1,0,0,0,0,0,0,1,1,0,0
263,47176,-1,-1,-1,-1,-1,-1,-1,-1,-1,1,0,0
264,47187,-1,1,0,0,0,0,0,0,0,0,0,0
265,47201,-1,-1,-1,-1,-1,-1,-1,-1,-1,-1,-1,-1
266,47288,-1,1,0,0,0,0,0,0,1,1,0,0
267,47505,-1,-1,-1,-1,-1,-1,-1,-1,-1,-1,-1,-1
268,8,-1,-1,-1,-1,-1,-1,-1,-1,-1,-1,-1,-1
269,10,-1,-1,-1,-1,-1,-1,-1,-1,-1,1,0,1
270,39,-1,-1,1,-1,1,1,-1,1,1,1,1,1
271,102,-1,-1,-1,-1,-1,-1,-1,-1,-1,0,0,0
272,130,-1,0,0,0,0,0,0,0,0,0,0,0
273,173,-1,0,0,1,1,0,0,1,1,1,0,1
274,201,-1,0,0,0,0,0,0,0,0,0,0,0
275,280,-1,0,0,0,1,0,0,0,0,0,0,0
276,286,-1,0,0,1,1,0,0,0,1,1,1,1
277,298,-1,-1,-1,-1,-1,-1,-1,-1,-1,-1,-1,-1
278,332,-1,1,0,0,1,1,0,1,1,1,0,1
279,372,-1,-1,-1,-1,-1,-1,-1,-1,-1,-1,-1,-1
280,393,-1,1,0,1,1,1,0,1,1,-1,-1,-1
281,415,-1,1,0,0,1,1,0,1,1,-1,-1,-1
282,430,-1,-1,-1,-1,-1,-1,-1,-1,-1,1,1,1
283,436,-1,-1,-1,-1,-1,-1,-1,-1,-1,-1,-1,-1
284,477,-1,0,0,1,0,1,0,0,0,0,0,0
285,482,-1,-1,-1,-1,-1,-1,-1,-1,-1,-1,-1,-1
286,506,-1,0,0,0,1,0,0,0,0,-1,-1,-1
287,538,-1,1,0,1,1,1,0,1,1,1,-1,1
288,552,-1,1,0,1,1,1,1,1,1,1,0,1
289,554,-1,1,0,1,1,1,0,0,1,1,0,0
290,619,-1,0,0,0,0,0,0,0,0,0,0,0
291,642,-1,0,0,0,1,1,0,0,0,-1,-1,-1
292,680,-1,1,0,1,1,1,0,1,1,1,0,0
293,692,-1,0,0,0,0,0,0,0,0,0,0,0
294,747,-1,0,0,0,1,1,0,0,0,0,0,0
295,842,-1,-1,-1,-1,-1,-1,-1,-1,-1,1,0,0
296,848,-1,-1,1,-1,1,1,-1,1,1,1,-1,1
297,868,-1,-1,-1,-1,-1,-1,-1,-1,-1,0,1,1
298,869,-1,-1,-1,-1,-1,-1,-1,-1,-1,0,0,0
299,910,-1,-1,-1,-1,-1,-1,-1,-1,-1,1,0,0
300,963,-1,-1,1,-1,-1,-1,-1,-1,1,1,-1,-1
301,1002,-1,0,0,0,0,0,0,0,0,0,0,0
302,1035,-1,-1,1,-1,1,1,-1,-1,1,1,-1,1
303,1073,-1,-1,-1,-1,-1,-1,-1,-1,-1,0,0,0
304,1091,-1,1,0,1,1,1,0,1,1,1,1,1
305,1092,-1,1,0,1,0,0,0,0,1,0,0,0
306,1304,-1,1,0,0,1,1,0,1,1,1,0,0
307,1323,-1,-1,-1,-1,-1,-1,-1,-1,-1,-1,-1,-1
308,1357,-1,1,0,1,1,1,1,1,1,1,1,1
309,1431,-1,1,0,1,1,1,0,1,1,1,0,0
310,1435,-1,1,0,1,1,1,0,0,0,0,0,0
311,1488,-1,-1,-1,-1,-1,-1,-1,-1,-1,0,1,0
312,1489,-1,-1,-1,-1,-1,-1,-1,-1,-1,1,0,1
313,1516,-1,0,0,0,0,0,0,0,0,0,0,0
314,1584,-1,0,0,0,0,0,0,0,0,0,0,0
315,1600,-1,0,0,0,0,0,0,0,0,0,0,0
316,1721,-1,1,0,1,1,0,0,1,1,-1,-1,-1
317,1777,-1,0,0,0,1,1,0,1,1,1,1,1
318,1782,-1,1,0,1,1,1,0,0,1,1,0,0
319,1900,-1,0,0,0,0,0,0,0,0,0,0,0
320,1984,-1,1,0,1,1,1,0,1,1,1,1,1
321,2049,-1,-1,-1,-1,-1,-1,-1,-1,-1,1,0,1
322,2085,-1,1,0,1,1,1,0,0,1,1,0,0
323,2092,-1,-1,-1,-1,-1,-1,-1,-1,-1,0,1,0
324,2096,-1,1,0,1,0,0,1,1,1,1,0,0
325,2126,-1,1,0,0,1,0,0,1,1,1,1,0
326,2353,-1,-1,1,-1,-1,-1,-1,-1,-1,-1,-1,-1
327,2384,-1,-1,-1,-1,-1,-1,-1,-1,-1,0,0,0
328,2481,-1,1,0,1,0,0,0,0,1,1,0,0
329,2510,-1,0,0,0,0,0,0,0,0,0,0,0
330,2533,-1,-1,-1,-1,-1,-1,-1,-1,-1,-1,-1,-1
331,2571,-1,0,0,0,0,0,0,0,0,-1,-1,-1
332,2689,-1,-1,-1,-1,-1,-1,-1,-1,-1,-1,-1,-1
333,2712,-1,0,0,0,1,0,0,0,0,0,0,0
334,2820,-1,1,0,1,1,0,0,0,1,1,0,1
335,2965,-1,-1,1,-1,1,1,-1,1,1,1,-1,-1
336,3002,-1,0,0,0,0,0,0,0,0,0,0,0
337,3007,-1,-1,-1,-1,-1,-1,-1,-1,-1,0,0,0
338,3074,-1,-1,-1,-1,-1,-1,-1,-1,-1,-1,-1,-1
339,3095,-1,-1,-1,-1,-1,-1,-1,-1,-1,-1,-1,-1
340,3199,-1,0,0,0,0,0,0,0,0,-1,-1,-1
341,3217,-1,-1,-1,-1,-1,1,-1,-1,1,0,0,0
342,3277,-1,1,0,0,0,0,1,0,1,1,0,0
343,3399,-1,1,0,1,1,1,0,1,1,1,1,1
344,3486,-1,-1,-1,-1,-1,-1,-1,-1,-1,-1,-1,-1
345,3542,-1,-1,-1,-1,-1,-1,-1,-1,-1,-1,-1,-1
346,3595,-1,-1,-1,-1,-1,-1,-1,-1,-1,-1,-1,-1
347,3665,-1,0,0,0,0,0,0,0,0,-1,-1,-1
348,3724,-1,-1,1,-1,-1,1,-1,-1,1,-1,-1,-1
349,3746,-1,1,0,1,0,0,0,0,0,-1,-1,-1
350,3887,-1,-1,1,-1,-1,-1,-1,-1,1,-1,-1,-1
351,3943,-1,-1,-1,-1,-1,1,-1,-1,1,-1,-1,-1
352,4031,-1,0,0,0,1,0,0,0,1,1,0,0
353,4039,-1,-1,-1,-1,-1,-1,-1,-1,-1,-1,-1,-1
354,4044,-1,0,0,0,0,0,0,0,0,0,0,0
355,4076,-1,-1,-1,-1,-1,-1,-1,-1,-1,-1,-1,-1
356,4189,-1,0,0,1,1,0,0,0,1,1,0,0
357,4201,-1,-1,1,-1,-1,-1,-1,-1,1,1,-1,-1
358,4202,-1,0,0,0,0,0,0,0,0,0,0,0
359,4231,-1,-1,1,-1,-1,-1,-1,-1,1,-1,-1,-1
360,4268,-1,-1,-1,-1,-1,-1,-1,-1,-1,-1,-1,-1
361,4271,-1,0,0,0,0,0,0,0,0,0,0,0
362,4298,-1,0,0,0,0,0,0,0,0,0,0,0
363,4366,-1,-1,-1,-1,-1,-1,-1,-1,-1,0,0,0
364,4448,-1,0,0,0,0,0,0,0,0,1,-1,1
365,4451,-1,0,0,0,1,1,0,0,1,1,1,1
366,4621,-1,0,0,1,0,1,0,0,0,0,0,0
367,4660,-1,-1,-1,-1,-1,-1,-1,-1,-1,-1,-1,-1
368,4667,-1,0,0,0,1,0,0,0,0,-1,-1,-1
369,4760,-1,-1,-1,-1,-1,-1,-1,-1,-1,0,0,0
370,4807,-1,-1,1,-1,-1,1,-1,-1,1,-1,-1,-1
371,4859,-1,1,0,1,1,0,0,0,1,1,0,1
372,4954,-1,-1,-1,-1,-1,-1,-1,-1,-1,-1,-1,-1
373,5014,-1,-1,-1,-1,-1,-1,-1,-1,-1,-1,-1,-1
374,5799,-1,1,0,1,1,1,0,1,1,1,1,1
375,5868,-1,0,0,0,0,0,0,0,0,0,0,0
376,5901,-1,0,0,0,1,0,0,0,0,0,0,0
377,6119,-1,-1,-1,-1,-1,-1,-1,-1,-1,-1,-1,-1
378,6126,-1,-1,1,-1,1,1,-1,1,1,1,-1,1
379,6147,-1,-1,-1,-1,-1,-1,-1,-1,-1,-1,-1,-1
380,6200,-1,1,0,1,0,0,0,0,1,1,0,0
381,6296,-1,-1,-1,-1,-1,-1,-1,-1,-1,-1,-1,-1
382,6357,-1,-1,-1,-1,-1,-1,-1,-1,-1,-1,-1,-1
383,6689,-1,-1,-1,-1,-1,-1,-1,-1,-1,-1,-1,-1
384,6816,-1,0,0,1,1,0,0,1,1,1,0,1
385,6817,-1,0,0,0,1,1,0,0,0,0,0,0
386,7083,-1,0,0,0,1,1,0,0,1,-1,-1,-1
387,7086,-1,0,0,1,1,0,0,0,1,1,0,1
388,7311,-1,-1,1,-1,1,1,1,1,1,1,1,1
389,7366,-1,0,0,1,1,1,0,0,1,0,0,0
390,7371,-1,0,0,0,0,0,0,0,0,0,0,0
391,7372,-1,-1,-1,-1,-1,-1,-1,-1,-1,-1,-1,-1
392,7530,-1,-1,-1,-1,-1,-1,-1,-1,-1,-1,-1,-1
393,7531,-1,-1,-1,-1,-1,-1,-1,-1,-1,-1,-1,-1
394,7672,-1,-1,-1,-1,-1,-1,-1,-1,-1,1,0,0
395,7815,-1,1,0,1,1,0,0,1,1,1,1,1
396,7902,-1,0,0,0,0,0,0,0,0,-1,-1,-1
397,7904,-1,0,0,0,0,0,0,0,0,1,1,1
398,8399,-1,1,0,1,1,1,0,1,1,-1,-1,-1
399,8402,-1,-1,-1,-1,-1,-1,-1,-1,-1,-1,-1,-1
400,8408,-1,0,0,1,1,0,0,0,1,-1,-1,-1
401,8409,-1,0,0,0,0,0,0,0,0,0,0,0
402,8411,-1,1,0,0,0,1,0,0,1,0,0,1
403,8418,-1,1,0,1,1,1,0,1,1,1,1,1
404,8425,-1,0,0,0,1,0,0,0,0,0,0,1
405,8426,-1,1,0,1,1,1,0,1,1,1,0,0
406,8427,-1,1,0,1,1,0,0,0,1,1,0,0
407,8430,-1,1,0,1,1,1,0,0,1,1,0,0
408,8434,-1,0,0,0,0,0,0,0,0,0,0,0
409,8441,-1,0,0,0,0,0,0,0,0,0,0,0
410,8446,-1,-1,-1,-1,-1,-1,-1,-1,-1,-1,-1,-1
411,8447,-1,0,0,0,0,0,0,0,0,0,0,0
412,8449,-1,-1,-1,-1,-1,-1,-1,-1,-1,0,1,1
413,8453,-1,-1,-1,-1,-1,-1,-1,-1,-1,-1,-1,-1
414,8455,-1,-1,-1,-1,-1,-1,-1,-1,-1,0,0,1
415,8457,-1,0,0,1,0,0,0,0,0,0,0,0
416,8460,-1,0,0,0,0,0,0,0,0,0,0,0
417,8462,-1,-1,-1,-1,-1,-1,-1,-1,-1,-1,-1,-1
418,8463,-1,1,0,1,1,0,0,0,1,1,0,0
419,8467,-1,0,0,0,1,1,0,0,0,0,0,0
420,8468,-1,-1,-1,-1,-1,-1,-1,-1,-1,1,1,1
421,8472,-1,0,0,0,1,0,0,0,0,0,0,0
422,8478,-1,0,0,0,0,0,0,0,0,0,0,0
423,8479,-1,0,0,0,0,0,0,0,0,0,0,0
424,8481,-1,0,0,0,0,0,0,0,0,0,0,0
425,8482,-1,-1,-1,-1,-1,-1,-1,-1,-1,-1,-1,-1
426,8483,-1,-1,-1,-1,-1,-1,-1,-1,-1,-1,-1,-1
427,8487,-1,-1,-1,-1,-1,-1,-1,-1,-1,-1,-1,-1
428,8489,-1,1,0,1,0,0,0,0,0,0,0,0
429,8490,-1,1,0,0,0,0,0,0,1,-1,-1,-1
430,8491,-1,0,0,0,0,0,0,0,0,0,0,0
431,8497,-1,0,0,0,0,0,0,0,0,0,0,0
432,8498,-1,0,0,0,1,0,0,0,1,1,0,0
433,8499,-1,-1,-1,-1,-1,-1,-1,-1,-1,1,0,0
434,8505,-1,-1,1,-1,-1,-1,-1,-1,1,1,-1,-1
435,8506,-1,0,0,0,1,0,0,0,0,0,0,0
436,8508,-1,1,0,1,1,1,0,0,1,1,0,1
437,8509,-1,0,0,0,0,0,0,0,0,0,0,0
438,8792,-1,0,0,0,0,0,0,0,0,0,0,0
439,8799,-1,-1,1,-1,-1,-1,-1,-1,1,1,1,-1
440,8807,-1,1,1,0,0,0,-1,0,0,0,0,-1
441,8817,-1,-1,-1,-1,-1,-1,-1,-1,-1,-1,-1,-1
442,8822,-1,1,0,1,1,1,0,1,1,1,1,1
443,8829,-1,1,0,1,1,0,0,0,1,1,0,0
444,8830,-1,-1,-1,-1,-1,-1,-1,-1,-1,-1,-1,-1
445,8836,-1,-1,-1,-1,-1,-1,-1,-1,-1,-1,-1,-1
446,9078,-1,1,0,0,1,0,0,0,1,0,0,0
447,9088,-1,-1,1,-1,-1,-1,-1,-1,1,-1,-1,-1
448,9100,-1,-1,-1,-1,-1,-1,-1,-1,1,-1,-1,-1
449,9109,-1,0,0,0,0,0,0,0,0,0,0,0
450,9117,-1,-1,-1,-1,-1,-1,-1,-1,-1,-1,-1,-1
451,9118,-1,1,0,0,0,0,0,0,0,0,0,0
452,9151,-1,-1,-1,-1,-1,-1,-1,-1,-1,-1,-1,-1
453,9152,-1,1,0,1,1,1,0,1,1,1,0,1
454,9154,-1,0,0,1,1,1,0,0,1,0,1,1
455,9158,-1,-1,-1,-1,-1,-1,-1,-1,-1,-1,-1,-1
456,9159,-1,-1,-1,-1,-1,-1,-1,-1,-1,0,0,0
457,9952,-1,1,0,1,1,1,0,0,1,1,0,0
458,9963,-1,0,0,0,1,0,0,0,0,0,0,0
459,21682,-1,0,0,0,0,0,0,0,0,1,1,1
460,21739,-1,0,0,0,0,0,0,0,0,0,0,0
461,21768,-1,1,0,1,1,1,0,0,1,1,0,1
462,21819,-1,-1,-1,-1,-1,-1,-1,-1,-1,-1,-1,-1
463,21873,-1,-1,-1,-1,-1,-1,-1,-1,-1,1,0,0
464,21935,-1,-1,-1,-1,-1,-1,-1,-1,1,-1,-1,-1
465,21957,-1,-1,1,-1,-1,1,1,-1,-1,1,-1,-1
466,22001,-1,-1,-1,-1,-1,-1,-1,-1,-1,0,0,0
467,22007,-1,1,0,1,0,0,0,0,1,1,0,0
468,22018,-1,0,0,0,0,0,0,0,0,0,0,0
469,22052,-1,0,0,0,1,0,0,0,1,1,0,0
470,22056,-1,1,0,1,1,1,0,0,1,1,0,1
471,22070,-1,1,1,1,0,0,-1,1,1,0,0,-1
472,22132,-1,0,0,0,0,0,0,0,0,0,0,0
473,22178,-1,-1,-1,-1,-1,-1,-1,-1,-1,-1,-1,-1
474,22216,-1,-1,1,-1,-1,-1,-1,-1,1,1,-1,-1
475,22222,-1,0,0,0,1,0,0,0,0,0,0,0
476,22262,-1,-1,-1,-1,-1,-1,-1,-1,-1,-1,-1,-1
477,22285,-1,-1,-1,-1,-1,-1,-1,-1,-1,-1,-1,-1
478,22309,-1,0,0,0,0,0,0,0,0,-1,-1,-1
479,22410,-1,0,0,0,0,0,0,0,0,0,0,0
480,22454,-1,1,0,1,0,1,0,0,0,1,0,0
481,22464,-1,-1,-1,-1,-1,-1,-1,-1,-1,-1,-1,-1
482,22493,-1,-1,-1,-1,-1,-1,-1,-1,-1,1,1,0
483,22500,-1,-1,1,-1,-1,-1,-1,-1,-1,-1,-1,-1
484,22514,-1,0,0,0,1,0,0,1,1,1,0,1
485,22517,-1,1,0,0,0,0,0,0,1,-1,-1,-1
486,22557,-1,0,0,0,0,0,0,0,0,0,0,0
487,22580,-1,-1,-1,-1,-1,-1,-1,-1,-1,-1,-1,-1
488,22589,-1,0,0,0,0,0,0,0,0,0,0,0
489,22619,-1,-1,1,-1,-1,-1,-1,1,-1,-1,-1,-1
490,22623,-1,0,0,0,0,1,0,0,0,1,0,0
491,22720,-1,-1,1,-1,-1,-1,-1,1,1,1,-1,1
492,22722,-1,1,0,0,1,0,0,0,0,1,0,0
493,22802,-1,1,0,1,1,1,0,1,1,1,1,-1
494,22906,-1,1,0,1,1,0,0,0,1,1,0,1
495,22914,-1,1,0,0,0,0,0,0,1,0,0,0
496,22920,-1,-1,1,-1,-1,1,-1,1,1,1,1,-1
497,22952,-1,-1,-1,-1,-1,-1,-1,-1,-1,-1,-1,-1
498,22956,-1,-1,1,-1,1,-1,-1,-1,1,-1,-1,1
499,22980,-1,1,0,1,0,0,0,0,1,0,0,-1
500,22987,-1,0,0,0,0,0,0,0,0,0,0,0
501,23029,-1,1,0,1,1,0,0,0,1,-1,-1,-1
502,23134,-1,1,0,1,1,1,1,1,1,1,0,1
503,23137,-1,0,0,0,0,0,0,0,0,0,0,0
504,23140,-1,-1,1,-1,-1,-1,-1,-1,-1,1,-1,-1
505,23145,-1,0,0,1,1,0,0,0,1,1,0,0
506,23167,-1,1,0,1,1,0,0,0,1,1,0,1
507,23172,-1,-1,-1,-1,-1,-1,-1,-1,-1,-1,-1,-1
508,23189,-1,-1,-1,-1,-1,-1,-1,-1,-1,1,0,0
509,23213,-1,-1,1,-1,-1,-1,-1,-1,1,-1,-1,-1
510,23234,-1,1,0,0,0,0,0,0,0,0,0,0
511,23248,-1,-1,-1,-1,-1,-1,-1,-1,-1,1,1,0
512,23270,-1,1,0,1,1,1,0,1,1,1,0,0
513,23305,-1,-1,-1,-1,-1,-1,-1,-1,-1,0,0,1
514,23330,-1,1,1,1,0,1,-1,0,1,1,0,-1
515,23376,-1,1,0,0,1,0,0,1,1,1,1,0
516,23393,-1,0,0,0,1,1,0,1,1,1,1,1
517,23394,-1,1,0,1,0,1,0,0,1,1,0,0
518,23461,-1,-1,-1,-1,-1,-1,-1,-1,-1,-1,-1,-1
519,23493,-1,0,0,0,0,0,0,0,0,0,0,0
520,23513,-1,-1,-1,-1,-1,-1,-1,-1,-1,1,0,0
521,23674,-1,1,1,1,0,0,-1,1,1,0,0,-1
522,23732,-1,1,0,1,0,0,0,0,0,1,0,0
523,23772,-1,-1,1,-1,-1,-1,-1,1,1,1,-1,1
524,23803,-1,-1,-1,-1,-1,-1,-1,-1,-1,0,0,0
525,29404,-1,0,0,1,1,1,0,0,1,0,1,1
526,29409,-1,-1,-1,-1,-1,-1,-1,-1,-1,-1,-1,-1
527,29414,-1,1,0,1,1,0,0,0,1,1,0,1
528,29415,-1,-1,-1,-1,-1,-1,-1,-1,-1,1,0,0
529,29419,-1,1,0,1,1,1,0,1,1,1,0,0
530,29445,-1,-1,1,-1,-1,-1,-1,1,-1,0,0,0
531,29448,-1,-1,1,-1,-1,-1,-1,1,1,1,1,-1
532,29456,-1,-1,-1,-1,1,1,-1,1,1,1,1,1
533,29458,-1,-1,-1,-1,-1,-1,-1,-1,-1,-1,-1,-1
534,29466,-1,-1,1,-1,1,1,-1,1,1,1,-1,1
535,29498,-1,1,0,1,1,0,0,0,1,1,0,1
536,29564,-1,0,0,0,0,0,0,0,0,0,0,0
537,29566,-1,-1,-1,-1,-1,-1,-1,-1,-1,-1,-1,-1
538,29615,-1,-1,-1,-1,-1,-1,-1,-1,-1,-1,-1,-1
539,29663,-1,1,0,1,1,1,0,1,1,1,0,0
540,29666,-1,1,0,1,1,1,0,1,1,1,1,1
541,29684,-1,1,0,1,1,1,0,1,1,0,1,0
542,29686,-1,-1,-1,-1,-1,-1,-1,-1,-1,1,0,0
543,29694,-1,1,0,0,1,1,0,1,0,1,0,0
544,29695,-1,1,0,0,1,1,0,1,0,1,0,0
545,29696,-1,1,0,0,1,1,0,1,0,1,0,0
546,29700,-1,1,0,1,1,1,0,1,1,0,1,0
547,29701,-1,1,0,1,1,1,0,1,1,0,1,0
548,29706,-1,1,0,1,1,1,0,1,1,0,1,0
549,29707,-1,1,0,1,1,1,0,1,1,0,1,0
550,29711,-1,1,0,1,1,0,0,1,1,0,0,0
551,40391,-1,1,0,0,1,0,0,0,1,0,0,0
552,40392,-1,-1,1,-1,-1,1,-1,-1,1,-1,-1,-1
553,40394,-1,-1,1,-1,-1,-1,-1,-1,-1,-1,-1,-1
554,40395,-1,-1,1,-1,-1,-1,-1,-1,1,-1,-1,-1
555,40397,-1,-1,1,-1,-1,-1,-1,-1,1,-1,-1,-1
556,40398,-1,-1,1,-1,-1,-1,-1,-1,1,-1,-1,-1
557,40400,-1,-1,-1,-1,-1,-1,-1,-1,-1,-1,-1,-1
558,40402,-1,-1,1,-1,-1,-1,-1,-1,1,-1,-1,-1
559,40404,-1,-1,-1,-1,-1,-1,-1,-1,1,-1,-1,-1
560,40405,-1,-1,1,-1,-1,-1,-1,-1,1,-1,-1,-1
561,40407,-1,-1,1,-1,-1,-1,-1,-1,1,1,-1,-1
562,40409,-1,1,0,1,0,1,0,0,0,1,-1,-1
563,40410,-1,-1,1,-1,1,1,-1,1,1,1,1,1
564,40411,-1,-1,1,-1,1,1,-1,1,1,1,1,1
565,40412,-1,1,0,1,1,1,0,0,0,1,1,0
566,40413,-1,-1,-1,-1,-1,-1,-1,-1,-1,-1,-1,-1
567,40414,-1,-1,-1,-1,-1,-1,-1,-1,-1,-1,-1,-1
568,40415,-1,-1,-1,-1,-1,-1,-1,-1,-1,-1,-1,-1
569,40417,-1,-1,-1,-1,-1,-1,-1,1,1,-1,-1,-1
570,40418,-1,-1,1,-1,-1,1,-1,-1,1,1,-1,-1
571,40419,-1,1,0,1,1,1,0,1,1,0,0,0
572,40422,-1,1,0,1,1,0,0,0,1,1,0,0
573,40423,-1,0,0,0,1,0,0,0,1,1,0,1
574,40424,-1,1,0,1,1,1,0,1,1,1,1,1
575,40426,-1,1,0,1,1,0,0,1,1,0,0,0
576,40427,-1,1,0,1,1,1,0,1,1,1,0,0
577,40428,-1,1,0,0,1,1,0,1,1,1,1,1
578,40430,-1,-1,-1,-1,-1,-1,-1,-1,-1,-1,-1,-1
579,40431,-1,1,0,1,1,0,0,1,1,-1,-1,-1
580,40432,-1,1,0,1,1,1,1,1,1,1,1,1
581,40433,-1,-1,-1,-1,-1,-1,-1,-1,1,-1,-1,-1
582,40434,-1,-1,-1,-1,-1,-1,-1,-1,-1,0,0,0
583,40435,-1,1,0,1,1,1,0,0,1,0,0,0
584,40437,-1,-1,1,-1,1,1,-1,1,1,1,1,1
585,40438,-1,-1,-1,-1,-1,-1,-1,-1,-1,-1,-1,-1
586,40439,-1,-1,1,-1,-1,1,-1,1,-1,1,-1,1
587,40440,-1,1,0,1,1,0,0,0,1,0,0,1
588,40441,-1,-1,-1,-1,-1,-1,-1,-1,-1,1,1,1
589,40442,-1,1,0,1,1,1,0,1,1,1,-1,1
590,40443,-1,0,0,0,0,0,0,0,0,0,0,0
591,40444,-1,1,0,1,1,0,0,1,1,1,0,1
592,40445,-1,1,0,1,1,0,0,0,1,1,1,1
593,40446,-1,0,0,0,0,0,0,0,1,1,0,0
594,40448,-1,1,0,1,1,1,0,1,1,1,1,1
595,40449,-1,-1,1,-1,1,1,-1,1,1,1,1,1
596,40450,-1,-1,1,-1,-1,-1,-1,1,1,1,-1,1
597,40451,-1,-1,1,-1,1,1,-1,-1,1,1,-1,1
598,40452,-1,-1,-1,-1,-1,-1,-1,-1,-1,-1,-1,-1
599,40453,-1,-1,-1,-1,-1,-1,-1,-1,-1,-1,-1,-1
600,40454,-1,1,0,0,1,1,1,1,1,1,1,1
601,40456,-1,-1,1,-1,-1,-1,-1,1,-1,-1,-1,-1
602,40457,-1,1,0,1,1,1,0,1,1,1,1,1
603,40458,-1,0,0,0,0,0,0,0,0,0,0,0
604,40459,-1,0,0,0,0,0,0,0,0,0,0,0
605,40461,-1,-1,-1,-1,-1,-1,-1,-1,-1,1,0,0
606,40462,-1,-1,-1,-1,-1,-1,-1,-1,-1,1,0,1
607,40463,-1,1,0,1,1,1,1,1,1,1,1,1
608,40465,-1,0,0,0,0,0,0,0,0,0,0,0
609,40466,-1,-1,-1,-1,-1,-1,-1,-1,-1,-1,-1,-1
610,40467,-1,-1,1,-1,-1,-1,-1,-1,1,-1,-1,-1
611,40468,-1,1,1,1,1,1,-1,0,1,1,0,-1
612,40470,-1,0,0,0,1,1,0,1,1,0,0,1
613,40471,-1,1,0,0,1,1,0,1,1,-1,-1,-1
614,40472,-1,1,0,0,0,0,0,0,1,-1,-1,-1
615,40475,-1,-1,1,-1,1,1,1,1,1,1,-1,1
616,40477,-1,-1,1,-1,1,1,-1,1,1,1,-1,1
617,40478,-1,-1,1,-1,1,1,-1,-1,1,1,1,1
618,40480,-1,1,0,1,1,1,1,1,1,1,1,1
619,40481,-1,-1,1,-1,1,1,-1,-1,1,1,1,1
620,40484,-1,1,0,1,1,0,0,0,1,1,0,0
621,40486,-1,1,0,1,1,0,0,1,1,1,0,1
622,40487,-1,-1,-1,-1,-1,-1,-1,-1,-1,0,0,0
623,40490,-1,1,0,1,1,1,0,1,1,1,1,1
624,40491,-1,1,1,0,0,0,-1,0,1,1,0,-1
625,40494,-1,1,0,0,0,0,0,0,0,1,1,1
626,40495,-1,1,0,1,0,1,0,0,0,1,0,0
627,40496,-1,-1,-1,-1,-1,-1,-1,-1,-1,-1,-1,-1
628,40498,-1,-1,-1,-1,-1,-1,-1,-1,1,-1,-1,-1
629,40499,-1,1,0,0,1,0,0,0,1,1,0,0
630,40502,-1,0,0,1,0,0,0,0,0,1,-1,-1
631,40504,-1,-1,1,-1,1,1,-1,1,1,-1,-1,1
632,40505,-1,-1,1,-1,-1,-1,-1,1,1,1,1,-1
633,40506,-1,0,0,1,0,0,0,0,1,1,0,0
634,40507,-1,-1,-1,-1,-1,-1,-1,-1,-1,-1,-1,-1
635,40509,-1,-1,-1,-1,-1,-1,-1,-1,-1,-1,-1,-1
636,40511,-1,1,0,0,0,0,0,0,0,0,0,1
637,40512,-1,1,0,1,0,1,0,1,1,1,0,0
638,40513,-1,0,0,0,1,1,0,0,0,0,0,0
639,40514,-1,-1,1,-1,-1,-1,-1,1,1,1,-1,-1
640,40515,-1,1,0,1,0,0,0,0,1,1,0,0
641,40520,-1,0,0,0,0,0,0,0,0,0,0,0
642,40522,-1,-1,1,-1,-1,-1,-1,-1,-1,-1,-1,-1
643,40527,-1,-1,-1,-1,-1,-1,-1,-1,-1,-1,-1,-1
644,40529,-1,0,0,0,0,0,0,0,1,1,0,0
645,40530,-1,0,0,0,0,0,0,0,0,0,0,0
646,40531,-1,-1,1,-1,-1,-1,-1,-1,-1,1,0,1
647,40532,-1,1,0,0,0,0,1,0,1,1,0,0
648,40533,-1,-1,-1,-1,-1,-1,-1,-1,-1,1,0,0
649,40534,-1,0,0,0,1,1,0,1,1,1,0,1
650,40535,-1,-1,1,-1,-1,1,-1,1,-1,1,1,-1
651,40536,-1,0,0,0,1,0,0,0,1,1,0,0
652,40537,-1,-1,-1,-1,-1,-1,-1,-1,-1,0,0,0
653,40542,-1,0,0,0,0,0,0,0,0,0,0,0
654,40543,-1,0,0,0,0,0,0,0,0,1,0,0
655,40546,-1,-1,1,-1,-1,-1,-1,-1,1,1,-1,-1
656,40552,-1,1,0,1,1,0,0,1,1,-1,1,-1
657,40553,-1,-1,1,-1,-1,-1,-1,-1,-1,-1,-1,-1
658,40558,-1,0,0,0,0,0,0,0,0,0,0,0
659,40559,-1,-1,1,-1,-1,-1,1,-1,1,1,1,1
660,40562,-1,0,0,0,0,0,0,0,1,1,0,0
661,40567,-1,-1,-1,-1,-1,-1,-1,-1,-1,0,0,0
662,40568,-1,1,0,1,1,0,0,1,0,0,0,0
663,40569,-1,1,0,1,1,0,0,0,1,1,0,0
664,40570,-1,-1,-1,-1,-1,-1,-1,-1,-1,0,0,0
665,40572,-1,-1,1,-1,-1,-1,-1,-1,1,1,-1,1
666,40573,-1,-1,-1,-1,-1,-1,-1,-1,-1,-1,-1,-1
667,40576,-1,-1,-1,-1,-1,-1,-1,-1,-1,-1,-1,-1
668,40584,-1,1,0,1,0,0,0,1,1,1,0,1
669,40586,-1,1,1,1,0,0,-1,0,0,0,0,-1
670,40590,-1,1,0,0,0,0,0,0,0,1,-1,1
671,40591,-1,-1,-1,-1,-1,-1,-1,-1,-1,-1,-1,-1
672,40592,-1,1,0,0,0,0,0,1,1,0,0,0
673,40593,-1,1,0,0,0,0,0,0,1,0,0,0
674,40594,-1,-1,1,-1,-1,-1,-1,1,1,1,-1,-1
675,40595,-1,1,0,1,1,1,0,0,1,1,0,1
676,40596,-1,-1,1,-1,-1,-1,-1,-1,-1,-1,-1,-1
677,40600,-1,1,1,1,1,0,-1,1,0,0,0,-1
678,40601,-1,1,0,1,1,0,0,1,0,-1,-1,-1
679,40605,-1,1,0,1,1,1,0,1,1,1,1,0
680,40607,-1,-1,-1,-1,-1,-1,-1,-1,-1,-1,-1,-1
681,40608,-1,-1,-1,-1,-1,-1,-1,-1,-1,-1,-1,-1
682,40619,-1,1,0,1,1,0,0,1,1,0,0,0
683,40620,-1,0,0,0,0,0,0,0,0,0,0,0
684,40622,-1,-1,1,-1,-1,-1,-1,-1,1,1,-1,1
685,40624,-1,-1,1,-1,-1,-1,-1,-1,-1,-1,-1,-1
686,40626,-1,1,0,0,0,0,0,0,0,0,0,0
687,40629,-1,1,0,0,0,0,0,0,1,0,0,0
688,40634,-1,1,0,0,0,0,0,0,1,0,0,0
689,40637,-1,1,1,1,0,0,-1,1,0,0,0,-1
690,40641,-1,1,0,1,0,0,0,0,1,0,0,0
691,40642,-1,-1,-1,-1,-1,-1,-1,-1,-1,-1,-1,-1
692,40644,-1,1,0,0,1,0,0,0,1,0,0,0
693,40645,-1,0,0,0,0,0,0,0,0,0,0,0
694,40651,-1,-1,-1,-1,-1,-1,-1,-1,-1,0,0,0
695,40653,-1,1,0,0,0,1,0,0,1,-1,-1,-1
696,40660,-1,-1,-1,-1,-1,-1,-1,-1,-1,-1,-1,-1
697,40663,-1,0,0,0,0,0,0,0,0,-1,-1,-1
698,40664,-1,-1,-1,-1,-1,-1,-1,-1,-1,-1,-1,-1
699,40667,-1,-1,-1,-1,-1,-1,-1,-1,-1,-1,-1,-1
700,44205,-1,-1,1,-1,1,1,-1,1,1,-1,-1,1
701,44207,-1,-1,1,-1,1,1,-1,1,1,1,1,1
702,44210,-1,-1,1,-1,-1,-1,-1,-1,-1,-1,-1,-1
703,44211,-1,-1,1,-1,-1,-1,-1,-1,-1,-1,-1,-1
704,44213,-1,0,0,0,0,0,0,0,1,1,0,0
705,44734,-1,-1,1,-1,-1,-1,-1,-1,-1,-1,-1,-1
706,44735,-1,0,0,0,0,0,0,0,0,0,0,0
707,44736,-1,-1,-1,-1,-1,-1,-1,-1,-1,0,0,0
708,44737,-1,1,0,0,1,1,0,1,1,-1,-1,-1
709,44739,-1,-1,-1,-1,-1,-1,-1,-1,-1,-1,-1,-1
710,44740,-1,-1,-1,-1,-1,-1,-1,-1,-1,-1,-1,-1
711,44746,-1,0,0,1,0,0,0,0,1,0,0,0
712,45078,-1,1,0,0,0,0,0,0,1,-1,-1,-1
713,45292,-1,0,0,0,1,1,0,0,0,0,0,0
714,45445,-1,-1,-1,-1,-1,-1,-1,-1,-1,-1,-1,-1
715,45527,-1,-1,-1,-1,-1,-1,-1,-1,-1,-1,-1,-1
716,45534,-1,-1,-1,-1,-1,-1,-1,-1,-1,-1,-1,-1
717,45545,-1,-1,1,-1,-1,1,-1,1,1,1,-1,-1
718,45635,-1,1,0,0,1,1,1,1,1,1,1,1
719,45652,-1,1,0,0,1,1,1,1,1,1,1,1
720,45734,-1,0,0,1,1,0,0,1,0,0,0,0
721,45815,-1,1,0,0,0,0,0,0,1,0,0,0
722,45867,-1,-1,1,-1,-1,-1,-1,-1,-1,-1,-1,1
723,45874,-1,-1,-1,-1,-1,-1,-1,-1,-1,-1,-1,-1
724,45996,-1,1,0,0,0,0,0,0,1,1,0,0
725,46304,-1,-1,1,-1,1,1,1,1,1,1,1,1
726,46310,-1,-1,-1,-1,-1,-1,-1,-1,-1,1,0,0
727,46331,-1,1,0,0,1,0,0,1,1,0,0,0
728,46382,-1,0,0,0,0,0,0,0,0,0,0,0
729,46384,-1,1,0,1,1,1,0,0,1,1,0,0
730,46429,-1,1,0,0,1,1,0,0,1,0,0,0
731,46503,-1,-1,-1,-1,-1,-1,-1,-1,-1,-1,-1,-1
732,46508,-1,-1,-1,-1,-1,-1,-1,-1,-1,1,0,0
733,46564,-1,-1,-1,-1,-1,-1,-1,-1,-1,-1,-1,-1
734,46580,-1,1,0,0,1,1,0,1,1,1,1,1
735,46593,-1,-1,-1,-1,-1,-1,-1,-1,-1,1,1,1
736,46599,-1,-1,-1,-1,-1,-1,-1,-1,-1,-1,-1,-1
737,46785,-1,0,0,1,0,0,0,0,1,1,0,0
738,46792,-1,1,0,1,0,0,0,0,1,1,0,0
739,46795,-1,1,0,1,0,0,0,0,0,1,0,0
740,46875,-1,1,0,0,0,0,0,0,1,1,0,0
741,46934,-1,-1,-1,-1,-1,-1,-1,-1,-1,-1,-1,-1
742,46937,-1,1,0,1,1,1,0,1,1,-1,-1,-1
743,47027,-1,1,0,0,0,0,0,0,1,0,0,0
744,47067,-1,0,0,1,1,0,0,0,1,1,0,0
745,47091,-1,1,0,0,0,0,0,0,0,0,0,0
746,47113,-1,-1,-1,-1,-1,-1,-1,-1,-1,-1,-1,-1
747,47163,-1,-1,-1,-1,-1,-1,-1,-1,1,-1,-1,-1
748,47217,-1,-1,-1,-1,-1,-1,-1,-1,-1,-1,-1,-1
749,47245,-1,-1,-1,-1,-1,-1,-1,-1,-1,-1,-1,-1
750,47303,-1,1,0,0,1,0,0,0,1,1,0,1
751,47364,-1,1,0,0,0,1,0,0,1,0,0,0
752,47462,-1,-1,1,-1,-1,-1,-1,1,1,1,-1,1
753,47468,-1,-1,-1,-1,-1,-1,-1,-1,1,-1,-1,-1
754,47474,-1,1,0,0,0,0,0,1,1,1,1,0
755,47546,-1,-1,-1,-1,-1,-1,-1,-1,-1,-1,-1,-1
756,47561,-1,-1,-1,-1,-1,-1,-1,-1,-1,-1,-1,-1
757,47564,-1,1,0,1,1,1,1,0,1,1,1,0
758,47586,-1,-1,-1,-1,-1,-1,-1,-1,-1,-1,-1,-1
759,47588,-1,-1,1,-1,-1,-1,-1,1,-1,-1,1,-1
760,47617,-1,-1,1,-1,-1,1,-1,1,1,1,-1,1
761,47651,-1,-1,1,-1,-1,-1,-1,-1,-1,-1,-1,-1
762,56,-1,1,0,1,1,1,0,0,1,1,1,0
763,116,-1,-1,-1,-1,1,1,1,1,1,1,1,1
764,170,-1,-1,1,-1,1,1,1,1,1,1,1,-1
765,367,-1,-1,-1,-1,-1,-1,-1,-1,-1,-1,-1,-1
766,519,-1,1,0,1,1,0,0,1,1,1,0,0
767,643,-1,0,0,0,0,1,0,0,0,1,-1,-1
768,715,-1,-1,-1,-1,-1,-1,-1,-1,-1,0,0,0
769,776,-1,0,0,0,0,0,0,0,0,0,0,0
770,875,-1,-1,1,-1,1,1,1,1,1,1,1,1
771,1118,-1,0,0,1,1,0,0,0,1,1,0,-1
772,1244,-1,1,0,1,1,1,0,0,1,1,1,-1
773,1249,-1,0,0,0,1,0,0,0,0,0,0,0
774,1279,-1,-1,1,-1,1,1,-1,1,1,1,-1,-1
775,1352,-1,-1,1,-1,1,1,-1,1,1,1,1,-1
776,1375,-1,0,0,0,1,0,0,0,0,-1,-1,-1
777,1387,-1,-1,1,-1,1,1,-1,1,1,1,-1,-1
778,1666,-1,0,0,0,1,0,0,0,0,0,0,0
779,1685,-1,-1,-1,-1,-1,-1,-1,-1,-1,-1,-1,-1
780,1788,-1,-1,1,-1,1,1,-1,-1,1,1,1,-1
781,2418,-1,0,0,1,0,1,0,0,1,1,0,0
782,2656,-1,-1,-1,-1,-1,1,-1,-1,1,1,-1,-1
783,2662,-1,-1,-1,-1,-1,-1,-1,-1,-1,-1,-1,-1
784,2760,-1,-1,-1,-1,-1,-1,-1,-1,-1,1,0,1
785,2790,-1,-1,-1,-1,-1,-1,-1,-1,1,1,-1,-1
786,2822,-1,0,0,0,0,0,0,0,1,0,0,0
787,2871,-1,-1,-1,-1,-1,-1,-1,-1,-1,-1,-1,-1
788,3227,-1,-1,-1,-1,-1,-1,-1,-1,-1,-1,-1,-1
789,3325,-1,1,0,1,1,1,0,0,1,1,0,0
790,3396,-1,1,0,0,0,0,0,0,0,0,0,0
791,3451,-1,0,0,0,1,0,0,0,1,1,0,0
792,3532,-1,1,0,0,1,0,1,1,1,1,1,0
793,3605,-1,-1,1,-1,-1,1,-1,-1,1,-1,-1,-1
794,3709,-1,0,0,0,1,1,0,1,1,0,1,1
795,3715,-1,-1,1,-1,-1,-1,-1,1,1,1,-1,-1
796,3772,-1,-1,-1,-1,1,-1,-1,1,1,1,1,1
797,3853,-1,-1,-1,-1,-1,1,-1,-1,1,1,-1,-1
798,3881,-1,0,0,0,0,0,0,0,0,0,0,0
799,3890,-1,0,0,0,0,0,0,0,0,0,0,0
800,3964,-1,-1,1,-1,-1,1,-1,-1,1,1,1,-1
801,4007,-1,-1,-1,-1,1,-1,-1,-1,1,1,1,1
802,4008,-1,-1,-1,-1,-1,-1,-1,-1,1,1,-1,-1
803,4097,-1,-1,1,-1,-1,1,-1,1,1,1,-1,-1
804,4108,-1,0,0,0,0,0,0,0,1,0,0,0
805,4417,-1,-1,-1,-1,-1,-1,-1,-1,1,1,-1,-1
806,4475,-1,-1,1,-1,-1,1,1,-1,1,1,-1,-1
807,4552,-1,1,0,0,1,1,-1,1,1,0,0,-1
808,4712,-1,-1,-1,-1,-1,-1,-1,-1,1,1,-1,-1
809,4772,-1,-1,-1,-1,-1,1,-1,-1,1,1,-1,-1
810,4839,-1,0,0,0,0,0,0,0,0,-1,-1,-1
811,4872,-1,-1,1,-1,1,1,1,1,1,1,-1,1
812,5141,-1,-1,-1,-1,-1,-1,-1,-1,1,1,-1,-1
813,5155,-1,-1,-1,-1,-1,-1,-1,-1,-1,1,0,0
814,6110,-1,0,0,0,0,0,0,0,0,0,0,0
815,6194,-1,-1,-1,-1,-1,-1,-1,-1,-1,0,0,0
816,6327,-1,1,0,1,1,0,0,1,0,1,0,0
817,6370,-1,-1,-1,-1,-1,-1,-1,-1,-1,-1,-1,-1
818,6390,-1,-1,-1,-1,-1,1,-1,1,1,1,-1,-1
819,6631,-1,0,0,0,1,1,0,1,1,0,1,1
820,6656,-1,-1,1,-1,1,1,-1,1,1,1,-1,1
821,6677,-1,-1,1,-1,1,1,-1,1,1,1,0,0
822,6680,-1,-1,1,-1,1,1,-1,-1,1,1,1,-1
823,6724,-1,-1,-1,-1,-1,-1,-1,-1,-1,-1,-1,-1
824,6774,-1,-1,-1,-1,-1,-1,-1,-1,-1,-1,-1,-1
825,6814,-1,-1,-1,-1,-1,-1,-1,-1,-1,-1,-1,-1
826,7075,-1,-1,-1,-1,-1,-1,-1,-1,-1,-1,-1,-1
827,7527,-1,-1,-1,-1,-1,-1,-1,-1,-1,-1,-1,-1
828,8195,-1,-1,-1,-1,-1,1,-1,1,1,1,-1,-1
829,8207,-1,0,0,0,0,0,0,0,0,-1,-1,-1
830,8226,-1,-1,-1,-1,-1,-1,-1,-1,-1,-1,-1,-1
831,8227,-1,1,0,0,1,0,1,1,1,1,0,1
832,8228,-1,-1,1,-1,-1,-1,-1,1,1,1,-1,-1
833,8232,-1,-1,1,-1,-1,-1,-1,-1,1,1,-1,-1
834,8234,-1,0,0,0,1,0,0,0,0,0,0,0
835,8238,-1,-1,-1,-1,-1,-1,-1,1,1,1,-1,-1
836,8240,-1,-1,-1,-1,-1,-1,-1,-1,-1,0,0,0
837,8247,-1,-1,-1,-1,-1,-1,-1,-1,-1,0,0,0
838,8252,-1,-1,-1,-1,-1,-1,-1,-1,-1,-1,-1,-1
839,8942,-1,-1,-1,-1,-1,-1,-1,-1,-1,-1,-1,-1
840,8945,-1,-1,-1,-1,-1,-1,-1,-1,-1,-1,-1,-1
841,8946,-1,-1,-1,-1,-1,-1,-1,-1,-1,-1,-1,-1
842,8949,-1,0,0,0,1,0,0,1,0,0,0,0
843,8952,-1,-1,-1,-1,-1,-1,-1,-1,-1,-1,-1,-1
844,8953,-1,-1,-1,-1,-1,-1,-1,-1,-1,-1,-1,-1
845,9756,-1,-1,-1,-1,1,1,1,1,1,1,1,1
846,9866,-1,1,0,1,1,1,0,1,1,1,0,1
847,21669,-1,-1,-1,-1,-1,-1,-1,-1,-1,-1,-1,-1
848,21884,-1,0,0,1,1,1,0,0,0,-1,-1,-1
849,21959,-1,-1,1,-1,-1,-1,-1,-1,1,-1,-1,-1
850,22095,-1,-1,-1,-1,1,1,1,1,-1,1,1,-1
851,22397,-1,0,0,0,1,0,0,0,1,1,0,0
852,22407,-1,-1,1,-1,-1,-1,-1,-1,1,-1,-1,-1
853,22772,-1,1,0,1,1,0,0,0,1,1,0,0
854,22796,-1,0,0,1,1,1,0,1,1,1,1,0
855,22876,-1,-1,1,-1,-1,-1,-1,-1,1,1,-1,-1
856,22905,-1,0,0,1,1,0,0,1,0,0,0,0
857,23200,-1,-1,-1,-1,-1,-1,-1,-1,-1,-1,-1,-1
858,23229,-1,0,0,1,0,1,0,0,1,0,0,0
859,23286,-1,-1,-1,-1,-1,-1,-1,-1,-1,-1,-1,-1
860,23323,-1,0,0,0,1,0,0,0,0,0,0,0
861,23382,-1,0,0,0,1,0,0,0,0,0,0,0
862,23409,-1,1,0,1,0,0,0,0,1,0,0,0
863,23508,-1,-1,-1,-1,1,-1,-1,1,1,1,1,1
864,23522,-1,-1,1,-1,-1,1,-1,-1,1,1,-1,-1
865,23593,-1,-1,-1,-1,-1,-1,-1,-1,-1,-1,-1,-1
866,23611,-1,-1,-1,-1,-1,-1,-1,-1,-1,1,0,0
867,23671,-1,1,0,1,1,0,0,1,1,1,0,0
868,23734,-1,-1,1,-1,-1,-1,-1,-1,1,-1,-1,-1
869,23735,-1,0,0,0,0,1,0,0,0,1,0,0
870,23780,-1,0,0,1,1,0,0,1,0,0,0,0
871,29659,-1,-1,1,-1,1,1,1,1,1,-1,1,-1
872,29660,-1,-1,-1,-1,-1,-1,-1,-1,-1,-1,-1,-1
873,29726,-1,-1,-1,-1,-1,-1,-1,-1,-1,0,0,0
874,41360,-1,-1,-1,-1,-1,-1,-1,-1,1,-1,-1,-1
875,41361,-1,0,0,0,0,0,0,0,0,0,0,0
876,41362,-1,-1,-1,-1,-1,-1,-1,1,1,-1,-1,-1
877,41363,-1,-1,1,-1,-1,-1,-1,-1,-1,-1,-1,-1
878,41364,-1,-1,1,-1,-1,1,-1,1,1,-1,-1,1
879,41365,-1,-1,1,-1,-1,-1,-1,-1,-1,-1,-1,-1
880,41367,-1,-1,1,-1,-1,1,-1,1,1,-1,-1,-1
881,41369,-1,1,0,1,1,1,0,1,0,1,1,1
882,41370,-1,-1,1,-1,-1,-1,-1,-1,1,-1,-1,-1
883,41372,-1,-1,1,-1,-1,-1,-1,-1,1,-1,-1,-1
884,41373,-1,-1,-1,-1,-1,-1,-1,-1,-1,-1,-1,-1
885,41375,-1,-1,1,-1,-1,-1,-1,-1,1,-1,-1,-1
886,41376,-1,-1,1,-1,-1,-1,-1,1,1,-1,-1,-1
887,41378,-1,-1,1,-1,-1,-1,-1,-1,1,1,-1,-1
888,41379,-1,-1,1,-1,-1,-1,-1,-1,-1,-1,-1,-1
889,41380,-1,-1,1,-1,-1,-1,1,1,1,1,1,-1
890,41382,-1,1,0,1,1,1,0,1,1,1,1,-1
891,41383,-1,-1,1,-1,-1,1,-1,1,1,1,-1,-1
892,41384,-1,-1,1,-1,-1,-1,-1,-1,1,-1,-1,-1
893,41386,-1,1,0,1,1,1,0,1,1,0,1,1
894,41388,-1,1,0,0,0,0,0,0,0,-1,-1,-1
895,41390,-1,1,0,0,0,0,0,0,1,-1,-1,-1
896,41391,-1,1,1,0,0,0,-1,0,1,0,0,-1
897,41392,-1,-1,1,-1,-1,1,-1,1,1,1,1,1
898,41393,-1,-1,1,-1,-1,-1,-1,1,1,1,-1,-1
899,41394,-1,-1,1,-1,-1,1,-1,-1,1,1,1,-1
900,41395,-1,-1,1,-1,-1,-1,-1,-1,1,-1,-1,-1
901,41396,-1,-1,-1,-1,-1,1,-1,1,1,0,0,0
902,41397,-1,-1,-1,-1,-1,-1,-1,-1,-1,0,1,0
903,41398,-1,-1,-1,-1,-1,-1,-1,-1,-1,-1,-1,-1
904,41400,-1,-1,1,-1,-1,1,-1,-1,1,-1,-1,-1
905,41402,-1,-1,1,-1,-1,-1,-1,1,1,-1,-1,1
906,41403,-1,-1,1,-1,-1,-1,-1,-1,-1,-1,-1,-1
907,41405,-1,-1,-1,-1,-1,-1,-1,-1,-1,-1,-1,-1
908,41406,-1,-1,-1,-1,-1,-1,-1,-1,-1,-1,-1,-1
909,41411,-1,-1,1,-1,-1,-1,-1,1,-1,0,0,-1
910,41412,-1,-1,1,-1,-1,-1,-1,-1,1,1,-1,-1
911,41413,-1,-1,1,-1,-1,-1,-1,-1,1,1,-1,-1
912,41414,-1,-1,1,-1,-1,-1,-1,-1,1,-1,-1,1
913,41415,-1,0,0,0,0,1,0,0,1,0,1,0
914,41416,-1,-1,1,-1,-1,-1,-1,-1,-1,-1,-1,-1
915,41417,-1,-1,-1,-1,-1,-1,-1,-1,-1,-1,-1,-1
916,41419,-1,-1,1,-1,-1,1,-1,-1,1,-1,-1,-1
917,41420,-1,-1,1,-1,-1,-1,-1,-1,-1,-1,-1,-1
918,41422,-1,-1,1,-1,-1,1,-1,-1,1,-1,-1,-1
919,41424,-1,-1,1,-1,-1,-1,-1,-1,-1,-1,-1,-1
920,41426,-1,-1,1,-1,-1,-1,-1,-1,-1,-1,-1,1
921,41427,-1,-1,1,-1,-1,-1,-1,-1,-1,-1,-1,-1
922,41428,-1,-1,1,-1,1,-1,-1,1,1,-1,-1,-1
923,41434,-1,-1,1,-1,-1,-1,-1,-1,-1,-1,-1,-1
924,41435,-1,-1,-1,-1,-1,-1,-1,-1,-1,-1,-1,-1
925,41437,-1,-1,0,1,1,0,-1,1,1,1,0,-1
926,41438,-1,-1,1,-1,-1,-1,-1,-1,-1,-1,-1,-1
927,41439,-1,-1,1,-1,1,1,-1,-1,1,1,1,-1
928,41445,-1,-1,1,-1,-1,-1,-1,-1,1,-1,-1,-1
929,41446,-1,1,1,0,0,0,-1,0,0,0,0,-1
930,41447,-1,-1,1,-1,-1,-1,-1,-1,-1,-1,-1,-1
931,41449,-1,-1,1,-1,-1,-1,-1,-1,-1,-1,-1,-1
932,41450,-1,-1,1,-1,-1,-1,-1,-1,-1,-1,-1,-1
933,41451,-1,-1,-1,-1,-1,-1,-1,-1,-1,-1,-1,-1
934,41452,-1,-1,1,-1,-1,-1,-1,-1,-1,-1,-1,-1
935,41456,-1,-1,-1,-1,-1,-1,-1,-1,-1,-1,-1,-1
936,41457,-1,-1,-1,-1,-1,-1,-1,-1,-1,-1,-1,-1
937,41459,-1,-1,-1,-1,-1,-1,-1,-1,-1,0,0,0
938,41460,-1,-1,-1,-1,1,-1,-1,-1,1,1,-1,-1
939,41462,-1,1,0,1,1,1,0,1,0,0,1,0
940,41464,-1,-1,-1,-1,-1,-1,-1,-1,-1,0,0,0
941,41466,-1,-1,1,-1,-1,-1,-1,1,1,1,0,0
942,41467,-1,-1,-1,-1,-1,1,-1,-1,1,1,-1,-1
943,41471,-1,-1,-1,-1,-1,-1,-1,-1,-1,-1,-1,-1
944,41473,-1,-1,-1,-1,-1,-1,-1,-1,-1,-1,-1,-1
945,41475,-1,0,0,0,0,0,0,0,0,-1,-1,-1
946,41477,-1,-1,1,-1,-1,-1,1,1,1,1,-1,-1
947,41479,-1,-1,1,-1,-1,-1,-1,1,1,1,-1,1
948,41481,-1,1,1,1,1,0,-1,1,0,0,0,-1
949,41482,-1,-1,-1,-1,-1,-1,-1,-1,-1,-1,-1,-1
950,41486,-1,0,0,0,0,0,0,0,0,-1,-1,-1
951,41488,-1,1,0,0,1,0,0,0,1,1,0,0
952,41489,-1,-1,1,-1,-1,-1,-1,1,1,1,-1,1
953,41492,-1,-1,-1,-1,-1,-1,-1,-1,-1,1,0,0
954,41494,-1,-1,-1,-1,-1,-1,-1,1,1,1,-1,-1
955,41496,-1,1,0,0,1,0,0,0,0,-1,-1,-1
956,41500,-1,0,0,0,0,0,0,0,0,-1,-1,-1
957,41502,-1,1,0,1,1,0,0,0,1,1,0,0
958,41504,-1,-1,-1,-1,-1,-1,-1,-1,1,1,-1,-1
959,41508,-1,-1,-1,-1,-1,-1,-1,-1,-1,1,0,0
960,41509,-1,-1,1,-1,-1,-1,-1,-1,-1,1,-1,-1
961,41510,-1,-1,1,-1,-1,-1,-1,-1,1,-1,-1,-1
962,41512,-1,-1,-1,-1,-1,-1,-1,-1,-1,-1,-1,-1
963,41514,-1,-1,1,-1,-1,-1,1,1,1,1,-1,-1
964,41516,-1,-1,1,-1,-1,-1,-1,1,-1,-1,-1,-1
965,41519,-1,0,0,0,0,0,0,0,0,0,0,0
966,41521,-1,-1,1,-1,-1,-1,-1,-1,-1,-1,-1,-1
967,41523,-1,-1,1,-1,-1,-1,-1,-1,1,1,-1,-1
968,41533,-1,-1,-1,-1,-1,-1,-1,-1,-1,-1,-1,-1
969,41538,-1,-1,-1,-1,-1,-1,-1,-1,-1,1,1,0
970,41539,-1,-1,1,0,0,0,-1,1,0,0,0,-1
971,41540,-1,0,0,0,1,0,0,0,0,0,0,0
972,41545,-1,-1,1,-1,1,1,-1,-1,1,1,1,-1
973,41547,-1,0,0,0,1,1,0,0,1,1,0,0
974,41550,-1,0,0,0,0,0,0,0,0,0,0,0
975,41554,-1,0,0,0,1,0,0,0,1,-1,-1,-1
976,44243,-1,-1,1,-1,-1,-1,-1,-1,-1,-1,-1,-1
977,44246,-1,-1,-1,-1,-1,1,-1,-1,1,1,-1,-1
978,44247,-1,-1,1,-1,1,1,-1,1,1,1,-1,-1
979,44248,-1,-1,-1,-1,-1,-1,-1,-1,-1,0,0,0
980,44249,-1,-1,-1,-1,-1,-1,-1,-1,-1,1,0,0
981,44250,-1,1,0,1,1,0,0,1,1,1,-1,-1
982,44251,-1,0,0,0,0,0,0,0,0,0,0,0
983,44252,-1,0,0,0,0,0,0,0,0,0,0,0
984,44253,-1,-1,1,-1,-1,-1,-1,-1,1,-1,-1,-1
985,44255,-1,1,0,1,1,0,0,1,0,1,0,0
986,44759,-1,1,0,0,0,0,0,0,1,1,-1,-1
987,44760,-1,-1,1,-1,-1,-1,-1,1,-1,-1,-1,-1
988,44763,-1,1,0,1,1,1,0,0,1,1,0,0
989,44764,-1,1,0,1,0,0,0,0,1,0,0,0
990,44766,-1,-1,-1,-1,-1,-1,-1,-1,-1,-1,-1,-1
991,44767,-1,1,0,1,1,0,0,1,0,1,0,0
992,44966,-1,-1,1,-1,-1,-1,-1,-1,1,-1,-1,-1
993,44967,-1,-1,-1,-1,-1,-1,-1,-1,-1,-1,-1,-1
994,45000,-1,1,0,1,1,0,0,1,1,1,0,0
995,45097,-1,-1,1,-1,-1,1,-1,1,1,1,-1,-1
996,45156,-1,-1,-1,-1,-1,-1,-1,-1,-1,-1,-1,-1
997,45340,-1,-1,1,-1,-1,1,-1,1,1,1,-1,-1
998,45582,-1,1,0,0,1,1,0,1,1,-1,1,1
999,45938,-1,1,0,1,0,1,0,0,1,1,0,0
1000,46034,-1,-1,1,-1,-1,-1,-1,-1,1,-1,-1,-1
1001,46109,-1,1,0,1,1,1,0,0,1,1,0,0
1002,46180,-1,-1,1,-1,-1,-1,1,1,-1,-1,-1,-1
1003,46224,-1,1,0,0,0,1,0,0,1,1,0,0
1004,46301,-1,1,0,0,1,0,1,1,1,1,1,0
1005,46305,-1,-1,-1,-1,-1,-1,-1,-1,-1,-1,-1,-1
1006,46359,-1,-1,-1,-1,-1,-1,-1,-1,-1,-1,-1,-1
1007,46369,-1,-1,-1,-1,-1,-1,-1,-1,-1,-1,-1,-1
1008,46396,-1,0,0,1,1,0,0,1,0,-1,-1,-1
1009,46447,-1,1,0,0,1,1,0,1,1,1,1,0
1010,46520,-1,-1,1,-1,-1,1,-1,1,1,-1,-1,-1
1011,46540,-1,0,0,1,1,0,0,1,0,0,0,0
1012,46600,-1,-1,-1,-1,-1,-1,-1,-1,-1,-1,-1,-1
1013,46604,-1,-1,-1,-1,-1,-1,-1,-1,-1,0,0,0
1014,46622,-1,0,0,0,0,0,0,0,0,0,0,0
1015,46653,-1,1,0,0,1,0,0,0,1,-1,-1,-1
1016,46753,-1,0,0,0,1,1,0,0,1,1,0,0
1017,46782,-1,-1,-1,-1,-1,-1,-1,-1,-1,-1,-1,-1
1018,46783,-1,1,0,0,1,0,0,0,1,1,-1,-1
1019,46873,-1,-1,-1,-1,-1,-1,-1,-1,-1,-1,-1,-1
1020,46880,-1,1,0,1,1,1,0,1,1,1,0,1
1021,46905,-1,-1,-1,-1,-1,-1,-1,-1,-1,-1,-1,-1
1022,47014,-1,1,0,0,1,0,0,0,0,1,0,0
1023,47128,-1,1,0,1,1,1,0,1,1,1,0,0
1024,47135,-1,1,0,1,0,0,0,0,0,-1,-1,-1
1025,47192,-1,-1,-1,-1,-1,1,-1,-1,1,1,-1,-1
1026,47198,-1,-1,-1,-1,-1,-1,-1,1,-1,1,-1,-1
1027,47211,-1,-1,-1,-1,-1,-1,-1,-1,-1,-1,-1,-1
1028,47253,-1,-1,1,-1,-1,1,-1,1,1,1,-1,1
1029,47257,-1,0,0,1,1,0,0,0,1,0,0,0
1030,47272,-1,-1,-1,-1,-1,1,-1,1,1,1,-1,-1
1031,47308,-1,-1,-1,-1,-1,-1,-1,-1,-1,-1,-1,-1
1032,47310,-1,-1,1,-1,-1,-1,-1,-1,1,1,-1,-1
1033,47411,-1,-1,-1,-1,-1,-1,-1,-1,-1,-1,-1,-1
1034,47429,-1,0,0,0,0,0,0,0,0,-1,-1,-1
1035,47488,-1,-1,1,-1,-1,-1,-1,1,1,-1,-1,-1
1036,47540,-1,1,0,1,0,0,0,0,1,1,-1,-1
1037,47541,-1,-1,1,-1,-1,1,-1,1,1,1,-1,-1
1038,1132,-1,-1,1,-1,-1,1,-1,-1,1,1,1,-1
1039,4368,-1,-1,1,-1,1,1,-1,1,1,-1,-1,-1
1040,4691,-1,0,0,0,0,0,0,0,0,0,0,0
1041,7693,-1,0,0,0,0,0,0,0,0,0,0,0
1042,22785,-1,-1,1,-1,-1,-1,-1,1,1,1,-1,-1
1043,23506,-1,1,0,0,0,0,0,0,1,1,-1,-1
1044,42838,-1,-1,-1,-1,-1,-1,-1,-1,1,1,0,0
1045,42840,-1,-1,-1,-1,-1,1,-1,-1,1,-1,-1,-1
1046,42842,-1,-1,1,0,1,0,-1,0,0,-1,-1,-1
1047,42844,-1,-1,1,-1,-1,-1,-1,1,1,-1,-1,-1
1048,42847,-1,-1,1,-1,-1,-1,-1,-1,1,-1,-1,-1
1049,42848,-1,-1,1,-1,-1,-1,1,-1,1,1,-1,-1
1050,42850,-1,-1,1,-1,-1,-1,-1,-1,-1,-1,-1,-1
1051,42851,-1,1,1,0,0,0,-1,1,0,0,0,-1
1052,42852,-1,1,0,1,0,0,0,0,1,0,0,0
1053,42854,-1,-1,1,-1,-1,-1,-1,-1,-1,-1,-1,-1
1054,42855,-1,-1,-1,-1,-1,-1,-1,-1,1,1,-1,-1
1055,42859,-1,-1,1,-1,-1,-1,-1,-1,-1,-1,-1,-1
1056,42862,-1,-1,1,-1,-1,-1,-1,-1,1,-1,-1,-1
1057,46416,-1,-1,-1,-1,-1,-1,-1,-1,-1,-1,-1,-1
1058,46874,-1,1,0,0,0,0,0,0,1,1,0,0
1059,46888,-1,1,0,0,0,0,0,0,1,0,0,0
1060,47250,-1,-1,-1,-1,-1,-1,-1,-1,-1,-1,-1,-1
1061,187,-1,0,0,0,1,0,0,0,0,0,0,0
1062,356,-1,-1,1,-1,-1,1,-1,-1,1,-1,-1,-1
1063,580,-1,-1,1,-1,1,1,-1,1,1,-1,1,1
1064,861,-1,-1,1,-1,-1,-1,-1,-1,1,1,-1,-1
1065,983,-1,-1,-1,-1,1,-1,-1,-1,1,1,-1,-1
1066,1090,-1,-1,1,-1,1,1,-1,1,1,1,1,-1
1067,1152,-1,-1,1,-1,1,1,1,1,1,1,1,1
1068,1309,-1,-1,1,-1,-1,-1,-1,1,1,1,1,1
1069,1620,-1,0,0,0,0,0,0,0,1,0,0,0
1070,1952,-1,1,0,1,1,0,0,1,1,1,0,0
1071,2302,-1,0,0,1,1,1,0,1,1,1,1,0
1072,2795,-1,-1,1,-1,1,-1,-1,-1,1,-1,-1,-1
1073,3018,-1,-1,1,-1,-1,1,-1,1,1,1,-1,-1
1074,3124,-1,-1,1,-1,-1,1,-1,-1,1,1,-1,-1
1075,3425,-1,1,0,0,0,0,0,0,1,1,-1,-1
1076,3538,-1,-1,-1,-1,-1,-1,-1,1,1,-1,-1,-1
1077,3797,-1,-1,1,-1,1,-1,-1,-1,1,-1,-1,-1
1078,5471,-1,1,0,0,0,0,0,0,1,1,0,0
1079,6083,-1,-1,1,-1,-1,-1,-1,-1,1,1,1,-1
1080,6168,-1,-1,1,-1,-1,-1,-1,-1,-1,-1,-1,-1
1081,6481,-1,-1,1,-1,1,1,-1,1,1,-1,1,1
1082,8782,-1,-1,-1,-1,-1,-1,-1,-1,-1,-1,-1,-1
1083,9421,-1,-1,1,-1,-1,-1,-1,-1,-1,-1,-1,-1
1084,22000,-1,1,0,1,1,1,0,0,1,1,1,1
1085,22035,-1,-1,-1,-1,-1,-1,-1,-1,-1,-1,-1,-1
1086,22054,-1,0,0,0,0,0,0,0,0,0,0,0
1087,22421,-1,1,0,0,0,0,0,0,1,0,0,0
1088,22665,-1,-1,-1,-1,-1,-1,-1,-1,-1,-1,-1,-1
1089,22822,-1,-1,-1,-1,-1,-1,-1,1,1,-1,-1,-1
1090,23126,-1,0,0,1,1,1,0,1,1,1,0,1
1091,29450,-1,-1,1,-1,-1,-1,-1,1,1,1,-1,-1
1092,29453,-1,1,0,0,1,0,0,1,1,1,1,1
1093,29464,-1,-1,1,-1,-1,-1,-1,-1,1,-1,-1,-1
1094,29467,-1,-1,1,-1,-1,-1,-1,-1,1,-1,-1,-1
1095,29468,-1,0,0,0,0,0,0,0,0,1,1,1
1096,29485,-1,-1,1,-1,-1,1,-1,-1,1,-1,-1,-1
1097,29501,-1,-1,1,-1,-1,1,-1,1,1,1,1,1
1098,29511,-1,1,0,1,0,1,0,0,1,0,0,0
1099,29515,-1,-1,-1,-1,-1,-1,-1,-1,-1,1,-1,-1
1100,29521,-1,-1,1,-1,-1,-1,-1,-1,-1,-1,-1,1
1101,29531,-1,-1,1,-1,-1,-1,-1,-1,1,1,-1,-1
1102,29723,-1,0,0,1,0,0,0,0,1,-1,-1,-1
1103,29728,-1,-1,1,-1,-1,-1,-1,-1,1,1,-1,-1
1104,29736,-1,-1,1,-1,-1,-1,-1,-1,1,1,-1,-1
1105,29737,-1,1,0,0,0,0,0,0,1,-1,-1,-1
1106,41555,-1,-1,1,-1,1,1,-1,1,1,1,-1,-1
1107,41556,-1,1,0,1,1,1,0,0,1,1,0,0
1108,41557,-1,-1,1,-1,1,1,1,1,1,1,-1,1
1109,41559,-1,-1,1,-1,-1,1,1,1,1,-1,-1,-1
1110,41560,-1,1,0,1,1,1,0,1,1,1,1,1
1111,41561,-1,-1,1,-1,-1,-1,-1,-1,1,1,-1,-1
1112,41562,-1,-1,-1,-1,-1,-1,-1,-1,-1,-1,-1,-1
1113,41564,-1,-1,1,-1,-1,-1,-1,-1,1,1,-1,-1
1114,41565,-1,-1,1,-1,-1,-1,-1,-1,1,1,-1,-1
1115,41566,-1,1,0,1,1,1,0,0,1,1,1,1
1116,41568,-1,-1,1,-1,-1,-1,-1,-1,-1,-1,-1,-1
1117,41569,-1,-1,1,-1,-1,-1,-1,-1,1,1,1,-1
1118,41570,-1,-1,1,-1,-1,-1,-1,1,1,1,-1,-1
1119,41571,-1,1,0,1,1,0,0,0,1,-1,-1,1
1120,41572,-1,-1,1,-1,-1,-1,-1,-1,1,1,0,0
1121,41573,-1,-1,1,-1,-1,1,-1,1,1,-1,-1,-1
1122,41574,-1,-1,-1,-1,-1,-1,-1,-1,-1,-1,-1,-1
1123,41575,-1,1,0,1,0,0,0,0,0,1,0,0
1124,41576,-1,-1,-1,-1,-1,-1,-1,1,1,1,-1,-1
1125,41579,-1,-1,1,-1,-1,1,-1,-1,1,1,-1,-1
1126,41580,-1,0,0,0,0,0,0,0,0,0,0,0
1127,41581,-1,-1,1,-1,-1,-1,-1,1,1,1,-1,-1
1128,41583,-1,-1,1,-1,-1,1,-1,-1,1,-1,-1,-1
1129,41584,-1,-1,-1,-1,-1,-1,-1,-1,-1,0,0,0
1130,41585,-1,1,0,0,0,0,0,0,0,-1,-1,-1
1131,41586,-1,-1,1,-1,-1,-1,-1,-1,1,1,0,0
1132,41587,-1,1,0,1,0,0,0,0,1,1,0,0
1133,41588,-1,1,0,1,0,0,0,0,1,1,0,0
1134,41589,-1,1,0,0,1,1,0,0,1,-1,-1,-1
1135,41592,-1,-1,-1,-1,-1,-1,-1,-1,-1,-1,-1,-1
1136,41593,-1,-1,1,-1,-1,-1,-1,-1,1,-1,-1,-1
1137,41594,-1,-1,1,-1,-1,-1,-1,1,1,1,-1,-1
1138,41595,-1,-1,-1,-1,-1,-1,-1,-1,1,-1,-1,-1
1139,41596,-1,-1,1,-1,-1,1,-1,-1,1,1,-1,-1
1140,41598,-1,-1,1,-1,-1,-1,-1,-1,1,-1,-1,-1
1141,41599,-1,-1,1,-1,-1,-1,-1,-1,-1,-1,-1,-1
1142,41600,-1,-1,-1,-1,-1,-1,-1,-1,-1,-1,-1,-1
1143,41604,-1,-1,1,-1,-1,-1,-1,-1,-1,-1,-1,-1
1144,41606,-1,-1,1,-1,-1,-1,-1,-1,1,-1,-1,-1
1145,41607,-1,-1,1,-1,-1,-1,1,-1,1,-1,-1,-1
1146,41608,-1,-1,-1,-1,-1,-1,-1,-1,-1,-1,-1,-1
1147,41609,-1,1,0,0,0,0,0,0,1,1,0,0
1148,41610,-1,-1,-1,-1,-1,-1,-1,-1,1,1,-1,-1
1149,41611,-1,-1,-1,-1,-1,1,-1,1,1,1,-1,-1
1150,41613,-1,-1,1,-1,-1,-1,-1,-1,1,-1,1,-1
1151,41614,-1,-1,1,-1,-1,-1,-1,-1,-1,-1,-1,-1
1152,41615,-1,-1,1,-1,-1,-1,1,1,1,1,-1,-1
1153,41616,-1,-1,-1,-1,-1,-1,-1,-1,-1,1,-1,-1
1154,41618,-1,1,0,0,0,0,0,0,0,0,0,0
1155,41619,-1,-1,1,-1,-1,-1,-1,1,-1,1,-1,-1
1156,41620,-1,-1,-1,-1,-1,-1,-1,-1,1,1,-1,-1
1157,41621,-1,1,0,1,0,0,0,0,1,1,0,0
1158,41624,-1,-1,1,-1,-1,-1,-1,-1,1,1,-1,-1
1159,41625,-1,-1,-1,-1,-1,-1,-1,-1,-1,1,-1,-1
1160,41626,-1,-1,-1,-1,-1,-1,-1,-1,1,-1,-1,-1
1161,41629,-1,-1,1,-1,-1,-1,-1,1,1,-1,-1,-1
1162,41630,-1,1,0,1,1,1,0,0,1,1,0,0
1163,41631,-1,1,0,0,0,0,0,0,0,-1,-1,-1
1164,41632,-1,-1,1,-1,-1,-1,-1,-1,-1,-1,-1,-1
1165,41636,-1,-1,1,-1,-1,-1,-1,-1,1,1,-1,-1
1166,41637,-1,-1,1,-1,-1,-1,-1,-1,1,1,-1,-1
1167,41638,-1,-1,1,-1,-1,1,-1,1,1,-1,-1,-1
1168,41640,-1,-1,1,-1,-1,-1,-1,-1,1,1,-1,-1
1169,41642,-1,-1,-1,-1,-1,-1,-1,-1,-1,0,0,0
1170,41643,-1,-1,1,-1,-1,-1,-1,-1,-1,-1,-1,-1
1171,41644,-1,-1,1,-1,-1,-1,-1,-1,1,-1,-1,-1
1172,41645,-1,-1,1,-1,-1,-1,-1,-1,-1,-1,-1,-1
1173,41646,-1,-1,1,-1,-1,-1,-1,-1,-1,-1,-1,-1
1174,41647,-1,-1,-1,-1,-1,-1,-1,-1,-1,-1,-1,-1
1175,41648,-1,-1,1,-1,-1,-1,-1,-1,1,1,-1,-1
1176,41649,-1,-1,1,-1,-1,-1,-1,-1,1,1,-1,-1
1177,41650,-1,-1,-1,-1,-1,-1,-1,-1,-1,1,0,0
1178,41651,-1,-1,1,-1,-1,-1,-1,-1,1,-1,-1,-1
1179,41652,-1,-1,-1,-1,-1,-1,-1,-1,-1,-1,-1,-1
1180,41653,-1,-1,1,-1,-1,-1,-1,1,1,1,-1,-1
1181,41654,-1,1,0,1,0,0,0,0,1,1,0,0
1182,41655,-1,-1,1,-1,-1,-1,1,-1,1,-1,-1,-1
1183,41657,-1,-1,1,-1,-1,-1,-1,-1,-1,-1,-1,-1
1184,41658,-1,-1,1,-1,-1,-1,1,1,1,1,-1,-1
1185,41659,-1,-1,1,-1,-1,-1,-1,-1,1,-1,-1,-1
1186,41660,-1,-1,-1,-1,-1,-1,-1,-1,-1,-1,-1,-1
1187,41661,-1,-1,1,-1,-1,-1,-1,-1,1,1,-1,-1
1188,41664,-1,-1,1,-1,-1,-1,-1,-1,-1,-1,-1,-1
1189,41665,-1,-1,1,-1,-1,-1,-1,-1,1,-1,-1,-1
1190,41667,-1,-1,1,-1,-1,-1,-1,-1,1,1,-1,-1
1191,41668,-1,-1,1,-1,-1,-1,-1,-1,-1,-1,-1,-1
1192,41670,-1,-1,1,-1,-1,-1,-1,-1,1,-1,-1,-1
1193,41672,-1,-1,1,-1,-1,-1,-1,-1,-1,-1,-1,-1
1194,41673,-1,-1,-1,-1,-1,-1,-1,-1,-1,-1,-1,-1
1195,41675,-1,1,1,0,0,1,-1,0,1,1,0,-1
1196,41677,-1,-1,1,-1,-1,1,-1,-1,1,1,-1,-1
1197,41678,-1,1,0,0,0,0,0,0,1,0,0,0
1198,41679,-1,-1,1,-1,-1,-1,-1,-1,1,-1,-1,-1
1199,41680,-1,-1,1,-1,-1,-1,-1,-1,1,-1,-1,-1
1200,41681,-1,-1,-1,-1,-1,-1,-1,-1,-1,-1,-1,-1
1201,41682,-1,-1,-1,-1,-1,-1,-1,-1,-1,-1,-1,-1
1202,41686,-1,-1,1,-1,-1,-1,-1,1,-1,-1,-1,-1
1203,41688,-1,-1,1,-1,-1,-1,-1,-1,-1,1,-1,-1
1204,41689,-1,-1,1,-1,-1,-1,-1,1,1,1,-1,-1
1205,41690,-1,1,0,1,0,1,0,0,1,-1,-1,-1
1206,41691,-1,-1,-1,-1,-1,-1,-1,-1,1,1,-1,-1
1207,41697,-1,-1,1,-1,-1,-1,-1,-1,-1,-1,-1,-1
1208,41699,-1,-1,-1,-1,-1,-1,-1,1,-1,-1,-1,-1
1209,41700,-1,-1,-1,-1,-1,-1,-1,-1,-1,-1,-1,-1
1210,41701,-1,-1,-1,-1,-1,-1,-1,-1,-1,1,-1,-1
1211,41702,-1,-1,-1,-1,-1,-1,-1,-1,-1,-1,-1,-1
1212,41703,-1,-1,-1,-1,-1,-1,-1,-1,-1,-1,-1,-1
1213,41706,-1,-1,-1,-1,-1,-1,-1,-1,-1,1,-1,-1
1214,41708,-1,-1,1,-1,-1,-1,-1,1,-1,-1,-1,-1
1215,41709,-1,-1,1,-1,-1,-1,-1,-1,-1,-1,-1,-1
1216,41710,-1,-1,-1,-1,-1,-1,-1,-1,-1,1,-1,-1
1217,41712,-1,-1,1,-1,-1,-1,-1,-1,-1,-1,-1,-1
1218,41717,-1,-1,1,-1,-1,-1,-1,-1,-1,-1,-1,-1
1219,41718,-1,-1,1,-1,-1,-1,-1,-1,-1,-1,-1,-1
1220,41721,-1,-1,-1,-1,-1,-1,-1,-1,-1,1,-1,-1
1221,41722,-1,-1,1,-1,-1,-1,-1,-1,-1,-1,-1,-1
1222,41723,-1,-1,-1,-1,-1,-1,-1,-1,-1,-1,-1,-1
1223,41724,-1,-1,-1,-1,-1,-1,-1,-1,-1,-1,-1,-1
1224,41726,-1,1,0,1,0,0,0,0,1,1,0,0
1225,41727,-1,-1,-1,-1,-1,-1,-1,-1,-1,-1,-1,-1
1226,41728,-1,-1,-1,-1,-1,-1,-1,-1,-1,1,-1,-1
1227,41730,-1,-1,-1,-1,-1,-1,-1,-1,-1,-1,-1,-1
1228,41732,-1,-1,-1,-1,-1,-1,-1,-1,-1,-1,-1,-1
1229,41733,-1,1,0,0,0,0,0,0,0,0,0,0
1230,41735,-1,-1,-1,-1,-1,-1,-1,1,-1,-1,-1,-1
1231,41738,-1,-1,-1,-1,-1,-1,-1,-1,-1,-1,-1,-1
1232,41741,-1,-1,1,-1,-1,-1,-1,-1,-1,-1,-1,-1
1233,41742,-1,-1,1,-1,-1,-1,-1,-1,-1,-1,-1,-1
1234,41743,-1,-1,1,-1,-1,-1,-1,-1,-1,-1,-1,-1
1235,41744,-1,-1,-1,-1,-1,-1,-1,-1,-1,-1,-1,-1
1236,41747,-1,-1,1,-1,-1,-1,-1,-1,-1,-1,-1,-1
1237,41748,-1,1,0,0,1,1,0,0,1,1,0,0
1238,41749,-1,-1,-1,-1,-1,-1,-1,-1,1,1,-1,-1
1239,41754,-1,-1,1,-1,-1,-1,-1,-1,1,1,0,0
1240,41755,-1,-1,1,-1,-1,-1,-1,-1,1,-1,-1,-1
1241,41756,-1,1,0,0,0,0,0,0,0,0,0,0
1242,41760,-1,-1,-1,-1,-1,-1,-1,-1,1,1,-1,-1
1243,41761,-1,-1,1,-1,-1,1,-1,-1,1,-1,-1,-1
1244,41764,-1,-1,1,-1,-1,-1,-1,-1,1,1,-1,-1
1245,41765,-1,1,0,0,1,1,0,0,1,1,-1,-1
1246,41767,-1,1,0,0,0,0,0,0,1,1,0,0
1247,41770,-1,-1,1,-1,-1,-1,-1,-1,1,1,-1,-1
1248,41772,-1,-1,1,-1,-1,-1,-1,-1,-1,-1,-1,-1
1249,41774,-1,-1,1,-1,-1,-1,-1,-1,-1,-1,-1,-1
1250,41776,-1,-1,1,-1,-1,-1,-1,-1,-1,-1,-1,-1
1251,41777,-1,-1,1,-1,-1,-1,-1,1,-1,-1,-1,-1
1252,41778,-1,-1,1,-1,-1,-1,-1,1,1,1,-1,-1
1253,41779,-1,1,0,1,0,0,0,0,0,0,0,0
1254,41780,-1,1,0,1,0,0,0,0,1,1,0,0
1255,41781,-1,-1,1,-1,-1,-1,-1,-1,1,1,-1,-1
1256,41785,-1,-1,1,-1,-1,-1,-1,1,-1,1,-1,-1
1257,41787,-1,-1,1,-1,-1,-1,-1,-1,-1,-1,-1,-1
1258,41789,-1,-1,-1,-1,-1,-1,-1,-1,-1,-1,-1,-1
1259,41790,-1,-1,-1,-1,-1,-1,-1,-1,-1,-1,-1,-1
1260,41791,-1,1,0,1,0,0,0,0,1,1,-1,-1
1261,41792,-1,-1,-1,-1,-1,-1,-1,-1,-1,-1,-1,-1
1262,44260,-1,0,0,0,0,0,0,0,1,1,-1,-1
1263,44262,-1,1,0,1,0,0,0,0,0,1,0,0
1264,44263,-1,-1,-1,-1,-1,-1,-1,-1,-1,-1,-1,-1
1265,44265,-1,-1,1,-1,-1,-1,-1,-1,1,-1,-1,-1
1266,44266,-1,-1,-1,-1,-1,-1,-1,-1,-1,-1,-1,-1
1267,44267,-1,-1,-1,-1,-1,-1,-1,-1,-1,-1,-1,-1
1268,44771,-1,0,0,0,0,0,0,0,0,-1,-1,-1
1269,44772,-1,-1,-1,-1,-1,-1,-1,-1,-1,1,-1,-1
1270,44773,-1,1,0,1,0,1,0,0,1,-1,-1,-1
1271,44972,-1,-1,1,-1,-1,-1,-1,-1,-1,-1,-1,-1
1272,45102,-1,-1,1,-1,-1,-1,-1,1,1,-1,-1,-1
1273,45291,-1,-1,-1,-1,-1,-1,-1,-1,-1,1,-1,-1
1274,45553,-1,1,0,1,1,1,0,0,1,0,0,0
1275,45627,-1,-1,1,-1,-1,-1,-1,1,1,0,0,0
1276,45775,-1,-1,-1,-1,-1,-1,-1,-1,-1,-1,-1,-1
1277,45871,-1,-1,-1,-1,-1,-1,-1,-1,-1,-1,-1,-1
1278,45903,-1,-1,-1,-1,-1,-1,-1,-1,-1,-1,-1,-1
1279,46095,-1,-1,1,-1,-1,-1,-1,-1,1,1,-1,-1
1280,46118,-1,1,0,1,0,0,0,0,1,1,0,0
1281,46241,-1,-1,1,-1,-1,-1,-1,-1,-1,-1,-1,-1
1282,46346,-1,-1,1,-1,-1,1,-1,-1,1,1,-1,-1
1283,46349,-1,-1,-1,-1,-1,-1,-1,-1,-1,1,0,0
1284,46555,-1,-1,1,-1,-1,-1,-1,-1,-1,-1,-1,-1
1285,46562,-1,-1,1,-1,-1,-1,-1,-1,1,-1,-1,-1
1286,46597,-1,-1,-1,-1,-1,-1,-1,-1,-1,-1,-1,-1
1287,46758,-1,1,0,1,1,0,0,1,1,1,0,0
1288,46887,-1,-1,-1,-1,-1,-1,-1,-1,-1,-1,-1,-1
1289,46926,-1,-1,-1,-1,-1,-1,-1,-1,-1,-1,-1,-1
1290,47090,-1,-1,1,-1,-1,-1,-1,1,1,1,-1,-1
1291,47150,-1,-1,1,-1,-1,-1,-1,-1,1,1,-1,-1
1292,47179,-1,1,0,1,0,0,0,0,1,1,0,0
1293,47391,-1,1,0,0,0,0,0,0,1,1,0,0
1294,47480,-1,-1,-1,-1,-1,-1,1,-1,1,-1,1,-1
1295,47574,-1,1,0,0,0,0,0,0,1,1,0,0
1296,825,-1,-1,1,-1,1,1,-1,1,1,-1,-1,1
1297,939,-1,0,0,0,0,0,0,0,0,0,0,0
1298,2758,-1,0,0,0,0,0,0,0,0,0,0,0
1299,4385,-1,-1,-1,-1,1,-1,-1,1,1,1,-1,-1
1300,4932,-1,1,0,0,0,0,0,1,1,1,0,0
1301,5368,-1,1,0,0,0,0,0,0,1,1,0,0
1302,7977,-1,-1,-1,-1,-1,-1,-1,-1,-1,0,0,0
1303,22082,-1,-1,1,-1,-1,-1,1,-1,1,1,-1,-1
1304,22628,-1,0,0,0,1,0,0,0,0,0,0,0
1305,23220,-1,1,0,0,0,0,0,0,0,0,0,0
1306,42678,-1,1,0,0,1,0,0,0,1,0,0,0
1307,42684,-1,-1,1,-1,-1,-1,-1,-1,1,1,-1,-1
1308,42687,-1,-1,1,-1,-1,-1,-1,-1,1,-1,-1,-1
1309,44794,-1,1,0,0,0,0,0,0,0,0,0,0
1310,45548,-1,-1,1,-1,-1,-1,-1,1,-1,-1,-1,-1
1311,45601,-1,-1,-1,-1,-1,-1,-1,-1,-1,0,0,0
1312,46023,-1,0,0,0,1,0,0,0,0,0,0,0
1313,46807,-1,1,0,0,1,0,0,0,1,-1,-1,-1
1314,47142,-1,-1,-1,-1,-1,-1,-1,-1,-1,-1,-1,-1
1315,82,-1,0,0,1,0,1,0,1,1,0,0,0
1316,630,-1,-1,-1,-1,-1,-1,-1,-1,-1,-1,-1,-1
1317,1182,-1,0,0,0,1,1,0,0,0,-1,-1,-1
1318,1271,-1,0,0,0,1,0,0,0,1,0,0,0
1319,1360,-1,0,0,1,1,1,0,0,1,0,1,0
1320,1432,-1,0,0,1,1,0,0,1,1,0,0,0
1321,2899,-1,0,0,0,0,0,0,0,1,0,0,0
1322,4615,-1,0,0,0,1,0,0,0,1,0,1,0
1323,4938,-1,-1,1,-1,1,1,-1,1,1,1,1,1
1324,6251,-1,-1,1,-1,-1,-1,-1,1,1,-1,-1,-1
1325,6642,-1,0,0,1,1,1,0,1,1,0,0,0
1326,9491,-1,-1,1,-1,-1,-1,-1,-1,1,-1,-1,-1
1327,9836,-1,-1,-1,-1,-1,-1,-1,-1,-1,-1,-1,-1
1328,21746,-1,0,0,0,1,0,0,0,1,0,0,0
1329,21903,-1,0,0,1,1,1,0,0,1,1,1,1
1330,22157,-1,0,0,1,1,1,0,1,1,0,0,0
1331,22214,-1,0,0,0,1,0,0,0,1,0,0,0
1332,22221,-1,-1,-1,-1,-1,-1,-1,-1,-1,0,0,0
1333,22254,-1,-1,-1,-1,-1,-1,-1,-1,-1,-1,-1,-1
1334,22286,-1,0,0,1,1,1,0,0,1,0,1,1
1335,22653,-1,-1,1,-1,-1,-1,-1,-1,1,-1,-1,-1
1336,22812,-1,-1,1,-1,1,1,-1,1,1,0,0,0
1337,22859,-1,-1,1,-1,1,1,-1,1,1,-1,1,1
1338,22973,-1,1,0,1,1,0,0,0,1,-1,-1,-1
1339,23146,-1,0,0,1,1,1,0,1,1,1,1,-1
1340,42644,-1,1,0,1,1,1,0,1,1,1,1,0
1341,42647,-1,1,0,0,0,0,0,0,1,-1,-1,-1
1342,42648,-1,-1,1,-1,-1,-1,-1,-1,-1,-1,-1,-1
1343,42655,-1,-1,1,-1,1,1,1,1,1,-1,1,1
1344,42659,-1,0,0,0,1,1,0,0,0,-1,-1,-1
1345,42663,-1,-1,-1,-1,-1,-1,-1,-1,-1,0,1,0
1346,42664,-1,-1,1,-1,-1,1,-1,1,1,1,-1,1
1347,42665,-1,0,0,1,1,0,0,1,1,0,0,0
1348,42667,-1,0,0,1,1,0,0,1,1,0,0,0
1349,42670,-1,0,0,1,1,0,0,1,1,0,0,0
1350,42674,-1,-1,-1,-1,-1,-1,-1,-1,-1,-1,-1,-1
1351,42676,-1,1,0,1,1,1,0,0,1,1,0,1
1352,43245,-1,1,1,0,1,1,-1,1,1,1,0,-1
1353,44307,-1,-1,1,-1,-1,1,-1,1,1,1,-1,-1
1354,44309,-1,-1,1,-1,-1,1,1,1,1,1,1,-1
1355,46051,-1,1,0,0,1,0,0,0,1,0,0,0
1356,46075,-1,1,0,0,0,0,0,0,1,0,0,0
1357,46862,-1,-1,-1,-1,-1,-1,-1,-1,-1,1,0,0
1358,42225,-1,-1,0,0,1,0,-1,0,1,0,0,-1
1359,42226,-1,1,0,0,1,0,-1,0,1,0,0,-1
1360,42227,-1,1,0,0,0,0,0,0,0,-1,-1,1
1361,42229,-1,1,0,0,0,0,0,0,0,0,0,0
1362,42231,-1,-1,-1,-1,-1,-1,-1,-1,-1,-1,-1,-1
1363,42236,-1,1,0,0,1,0,-1,0,1,0,0,-1
1364,42252,-1,-1,0,0,1,0,-1,0,0,0,0,-1
1365,42253,-1,-1,0,1,1,0,-1,1,1,0,0,-1
1366,43168,-1,-1,1,-1,-1,-1,-1,-1,-1,-1,-1,1
1367,44283,-1,-1,0,0,0,0,-1,0,0,0,0,-1
1368,46494,-1,-1,-1,-1,-1,-1,-1,-1,-1,-1,-1,-1
1369,8003,-1,1,0,0,1,0,0,0,1,0,0,0
1370,8008,-1,1,0,0,1,0,0,0,1,0,0,0
1371,21609,-1,-1,1,-1,-1,1,-1,-1,1,-1,-1,-1
1372,22045,-1,-1,1,0,0,0,-1,0,0,0,0,-1
1373,22835,-1,1,0,0,1,1,0,0,1,1,0,0
1374,23252,-1,-1,1,0,1,1,-1,0,0,1,0,0
1375,43009,-1,-1,1,-1,-1,-1,-1,-1,-1,0,0,-1
1376,43010,-1,-1,-1,-1,-1,-1,-1,1,-1,1,-1,-1
1377,43011,-1,1,0,0,1,0,0,0,1,0,0,0
1378,43012,-1,-1,1,-1,-1,1,1,-1,1,1,1,1
1379,43013,-1,1,0,0,1,0,0,0,1,0,0,0
1380,43017,-1,-1,1,-1,-1,-1,-1,-1,-1,1,-1,-1
1381,43018,-1,1,0,0,1,0,0,0,1,0,0,0
1382,43019,-1,-1,-1,-1,-1,-1,-1,-1,-1,0,0,0
1383,43021,-1,-1,1,-1,-1,-1,1,1,1,1,-1,-1
1384,43022,-1,1,0,0,1,0,0,0,1,1,0,0
1385,43026,-1,1,0,0,1,0,0,0,1,1,0,0
1386,43031,-1,-1,1,0,1,0,-1,0,0,0,0,-1
1387,43032,-1,1,0,0,1,1,0,0,1,-1,-1,-1
1388,46002,-1,1,0,0,1,0,0,0,1,-1,-1,-1
