,hotel_id,clean_score,meal_score,location_score,sleep_score,room_score,service_score,facility_score,overall_score
0,71,8,8,8.8,7.8,-1,7.5,-1,8.3
1,77,9.4,8.7,9.3,9.3,-1,9.1,-1,9
2,123,8.9,8.7,8.9,8.9,-1,8.9,-1,9
3,143,8.1,7.7,8.6,8,-1,8.1,-1,8.2
4,206,8.3,7.5,8.5,8.2,-1,8,-1,8.1
5,245,7.6,7.7,8.3,7.9,-1,7.7,-1,8.1
6,262,8.1,7.6,9.3,8.7,-1,8.5,-1,8.5
7,331,9.2,8.4,8.6,8.9,-1,9,-1,8.8
8,343,9.1,8.2,8.5,8.8,-1,8.9,-1,8.9
9,416,10,9.2,9.3,10,-1,9.3,-1,8.7
10,417,5.8,6.7,6.5,6.8,4.4,6.2,4.9,5.9
11,446,10,8.7,9,9,-1,8.5,-1,8.6
12,447,8.8,8,8.6,8.4,-1,8.4,-1,8.6
13,462,9.1,8.5,8.8,8.8,-1,8.9,-1,8.8
14,662,9.2,8.4,8.6,8.9,-1,9,-1,8.8
15,695,8.8,7,8.4,8.7,-1,8.1,-1,8.4
16,707,8.8,8.3,9.1,8.8,-1,8.7,-1,8.6
17,765,8,8,8.5,8,-1,9,-1,8.8
18,769,8.7,8.2,8.7,8.6,-1,8.4,-1,8.7
19,953,7.2,6.5,7.7,7.4,-1,7,-1,7.7
20,959,9,8.6,9.1,9.1,-1,8.8,-1,8.9
21,1087,9.1,8.8,9.1,9.1,-1,9.1,-1,9
22,1106,8.7,7.7,8.4,9.3,-1,8.9,-1,8.5
23,1262,8.7,7.9,8.8,8.6,-1,8.4,-1,8.4
24,1400,7.7,7.5,8.5,7.7,-1,7.6,-1,8
25,1525,8,8,8,8,-1,8,-1,-1
26,1551,8.2,7.6,8.3,8.2,-1,8,-1,8.3
27,1784,9.1,8.3,8.6,8.8,-1,8.8,-1,8.8
28,1878,-1,-1,-1,-1,-1,-1,-1,-1
29,1926,7.5,7.9,8.5,7.9,-1,7.5,-1,8
30,1954,7.7,7.8,8.5,7.8,-1,7.9,-1,8.2
31,1988,8.3,8,8.4,8.2,-1,8.2,-1,8.2
32,2041,7.6,7.7,8.3,7.9,-1,7.7,-1,8.1
33,2114,8.2,8.4,8.9,8.1,-1,8.4,-1,8.4
34,2144,8.7,8,9.3,8.7,-1,9.3,-1,-1
35,2269,8,7.3,8.3,8,-1,7.7,-1,7.8
36,2350,8.4,8.3,8,8.4,-1,8.4,-1,8.5
37,2376,6,8,6,6,-1,6,-1,-1
38,2431,9.2,8.3,8.9,9.2,-1,8.9,-1,8.8
39,2451,7,8,7.7,8.3,-1,6.7,-1,7.6
40,2461,8.7,7.9,8.8,8.6,-1,8.4,-1,8.4
41,2636,8,8,8,8,-1,8.4,-1,8.6
42,2649,8.4,8,8.6,8.6,-1,8.4,-1,8.4
43,2665,8.2,7.5,7.9,8.5,-1,8.5,-1,9.2
44,2677,8.7,8,8.7,8.7,-1,8.7,-1,-1
45,2691,9.1,8.6,8.6,8.9,-1,8.8,-1,8.7
46,2772,-1,-1,-1,-1,-1,-1,-1,-1
47,2852,8,-1,8,6,-1,6,-1,-1
48,2918,8.3,8,8.3,8,-1,8,-1,8.3
49,2929,8.3,8,8.4,8.2,-1,8.2,-1,8.2
50,2942,8.4,8.1,8.6,8.1,-1,8.2,-1,8.4
51,2984,8.7,7.3,8.4,8.9,-1,8.2,-1,8.6
52,3026,8.1,-1,6.8,8.2,-1,6.8,-1,7.6
53,3062,6,6,6,6,-1,6,-1,-1
54,3106,8.7,8.1,8.5,8.7,-1,8.8,-1,8.7
55,3160,-1,-1,-1,-1,-1,-1,-1,-1
56,3191,6,-1,6,6,-1,6,-1,-1
57,3192,6,-1,6,6,-1,6,-1,-1
58,3266,8.9,8,9.3,8.9,-1,8.9,-1,8.8
59,3295,5.6,6.2,6,6,-1,5.9,-1,6.7
60,3315,7.8,7.1,8.8,7.9,-1,8,-1,6.2
61,3317,8.7,7.9,8.8,8.6,-1,8.4,-1,8.4
62,3361,9,8.7,9,9.1,-1,9.4,-1,9
63,3368,6,8,8,6,-1,10,-1,-1
64,3452,9.2,10,8.5,9,9.5,9.3,9.1,9.1
65,3477,7.6,7.7,8.3,7.9,-1,7.7,-1,8.1
66,3544,9.3,8.3,9.3,9.2,-1,9.1,-1,9.1
67,3565,6.5,4,7,6.5,-1,6.5,-1,-1
68,3578,8.6,7.4,8.6,8.3,-1,8.3,-1,8.8
69,3604,-1,-1,-1,-1,-1,-1,-1,-1
70,3617,8.5,7.6,9,8.6,-1,8.5,-1,8.9
71,3966,9.7,8.7,8.7,9.3,-1,9.3,-1,9.2
72,4217,7.5,8,8.5,6,-1,8,-1,8.3
73,4273,8.4,8,8.4,8.4,-1,8.2,-1,8.7
74,4282,9,8,9.2,8.7,-1,8.8,-1,9
75,4352,7,6.7,7,7,-1,7,-1,-1
76,4452,9.3,-1,9.3,9.3,-1,9.3,-1,8
77,4455,7.4,6.8,7.6,7.2,-1,7.1,-1,7.7
78,4501,8,-1,8,7,-1,7,-1,8.8
79,4516,8.1,7.5,8.6,8.1,-1,8.1,-1,8.2
80,4539,8,7.8,8.4,7.5,-1,7.8,-1,8.3
81,4567,6.5,4,7,6.5,-1,6.5,-1,-1
82,4578,9.3,8.3,9.3,9.2,-1,9.1,-1,9.1
83,4711,8,-1,8,10,-1,8,-1,-1
84,4718,8.7,8,8.7,8.7,-1,8.7,-1,-1
85,4750,8,6.7,8.2,8.2,-1,8.2,-1,7.6
86,4825,-1,-1,-1,-1,-1,-1,-1,-1
87,4966,9,8.2,8.9,9.1,-1,8.9,-1,8.6
88,5077,9,8.6,9.1,9.1,-1,8.8,-1,8.9
89,5268,7,6.7,7.7,6.8,-1,6.9,-1,7.2
90,5873,8.2,8.4,8.9,8.1,-1,8.4,-1,8.4
91,5909,-1,-1,-1,-1,-1,-1,-1,-1
92,5937,7.7,6.7,8,7.7,-1,7.3,-1,7.7
93,6155,8.8,8,9,8.5,-1,8.8,-1,8.9
94,6265,8.9,9.2,8.6,8.9,-1,8.9,-1,8.6
95,6391,6,-1,6,6,-1,6,-1,6.8
96,6410,8,8,8.8,7.8,-1,7.5,-1,8.3
97,6949,-1,-1,-1,-1,-1,-1,-1,9
98,6986,6.8,6.3,7.7,6.6,-1,6.6,-1,7.1
99,7045,6.2,7.7,8.2,7,-1,6.8,-1,7.3
100,7046,6,6.5,6.8,6.4,-1,6,-1,6.6
101,7064,8.5,7.6,9,8.6,-1,8.5,-1,8.6
102,7131,7.6,7.9,8.2,7.6,-1,7.4,-1,7.8
103,7589,7.7,6.7,8,7.7,-1,7.3,-1,6.8
104,7919,8.4,8,8.6,8.6,-1,8.4,-1,8.4
105,8721,6.5,4,7,6.5,-1,6.5,-1,-1
106,8722,7.8,7.6,7.6,8,-1,7.1,-1,7.8
107,8725,9.1,8.2,8.5,8.8,-1,8.9,-1,8.9
108,8728,8.2,8,8.4,8.2,-1,7.6,-1,8.3
109,8729,4.8,5.7,6.1,5.2,-1,5.2,-1,6.2
110,8734,6.5,4,7,6.5,-1,6.5,-1,-1
111,8735,-1,-1,-1,-1,-1,-1,-1,6
112,8737,8.2,8,8.4,8.2,-1,7.6,-1,7.2
113,8739,8.2,8,8.4,8.2,-1,7.6,-1,7.2
114,8918,9,8,9,9,-1,9,-1,-1
115,8919,6.9,6.4,8.4,7.1,-1,6.7,-1,7.3
116,9703,9.2,8.5,8.6,9.2,-1,9.2,-1,8.8
117,9810,8.5,-1,7.9,-1,10,8.3,8.4,8.2
118,9869,8,-1,8,7,-1,7,-1,8.8
119,9893,-1,-1,-1,-1,-1,-1,-1,-1
120,21653,7.7,6.7,8,7.7,-1,7.3,-1,6.8
121,21662,8.8,8.2,8.4,8.6,-1,8.6,-1,8.5
122,21673,5.8,-1,7,5.8,-1,5.8,-1,6.7
123,22166,8.8,8.6,8.5,8.3,-1,8.2,-1,8.4
124,22199,8.3,7.5,8.5,8.2,-1,8,-1,8.1
125,22343,8.6,7.2,7.5,8.3,-1,8,-1,8.3
126,22380,9,8.7,9,9,-1,9,-1,-1
127,22536,8.9,7.8,7.9,8.9,-1,8.8,-1,8.7
128,22732,9.5,8.9,8.8,9.2,-1,9.5,9.1,9.3
129,22741,9.2,8,8.9,8.9,-1,8.6,-1,8.8
130,22774,8.5,7.6,9,8.6,-1,8.5,-1,8.6
131,23047,8.7,8.5,8.7,8.6,-1,8.5,-1,8.3
132,23228,8.5,7.6,9,8.6,-1,8.5,-1,8.6
133,23341,9,8.3,9.1,9,-1,8.8,-1,8.9
134,23411,9.1,7.9,8.7,8.6,-1,8.7,-1,8.7
135,23418,8.8,8,9,8.5,-1,8.8,-1,8.9
136,23518,-1,-1,-1,-1,-1,-1,-1,-1
137,23699,7.7,7.5,8.5,7.7,-1,7.6,-1,8
138,29475,9.2,8.3,8.9,9.2,-1,8.9,-1,9
139,29483,8.4,7.9,8.4,8.4,-1,8.3,-1,8.4
140,29514,8.5,7.7,8.7,8.4,-1,8.5,-1,8.7
141,29672,6.1,5,6.7,6,-1,6.1,-1,6.9
142,29676,6.9,6.4,8.4,7.1,-1,6.7,-1,5.2
143,41168,9.1,8.2,8.9,8.7,-1,8.9,-1,8.8
144,41169,9.1,7.3,8.7,8.6,-1,8.7,-1,8.8
145,41171,9.4,8.7,9.3,9.3,-1,9.1,-1,9
146,41172,8.8,8.2,9,9.2,-1,9,-1,8.7
147,41175,8.7,8.3,9,8.6,-1,8.6,-1,8.6
148,41176,8.9,8.1,9,8.7,-1,8.7,-1,8.4
149,41177,9.2,8.8,8.3,9.1,-1,9.2,-1,8.6
150,41178,-1,-1,-1,-1,-1,-1,-1,8
151,41180,8.8,8.2,8.4,8.6,-1,8.6,-1,8.5
152,41181,7.8,7.6,7.6,8,-1,7.1,-1,7.8
153,41182,9,8,9,8.5,-1,8.5,-1,8.4
154,41183,7.8,7.7,8.6,7.8,-1,8.1,-1,7.8
155,41184,9,8,9,9,-1,9,-1,8.9
156,41186,8.9,8.2,9,9,-1,8.8,-1,8.8
157,41187,9.3,8.9,8.8,9.1,-1,9.1,-1,9.1
158,41189,8.6,8,8.9,6.9,-1,7.4,-1,8.5
159,41190,-1,-1,-1,-1,-1,-1,-1,-1
160,41191,8.8,8,9,9,-1,8.8,-1,9
161,41192,9.2,8,9.1,9,-1,8.9,-1,9.4
162,41193,9,8.1,8.7,8.8,-1,8.8,-1,8.8
163,41194,-1,-1,-1,-1,-1,-1,-1,-1
164,41195,-1,-1,-1,-1,-1,-1,-1,-1
165,41197,8.9,-1,8.8,8.9,8.9,9.1,8.8,9
166,41198,9.3,8.8,9.1,9.2,-1,9.2,-1,8.8
167,41200,8.7,8.7,8.7,9.3,-1,9.3,-1,-1
168,41201,9.2,8.8,8.3,9.1,-1,9.2,-1,8.6
169,41202,9.1,8.2,8.9,8.7,-1,8.9,-1,8
170,41204,6.5,6.7,6.8,6.3,-1,6.3,-1,6.7
171,41206,8.8,8,9,8.5,-1,8.8,-1,8.9
172,41207,8.7,8.5,8.7,8.6,-1,8.5,-1,8.4
173,41209,7.7,6.7,8,7.7,-1,7.3,-1,7.7
174,41211,8.7,8.6,8.1,8.6,-1,8.5,-1,8.6
175,41212,8,-1,8,7,-1,7,-1,7.6
176,41213,-1,-1,-1,-1,-1,-1,-1,-1
177,41215,8,8,6.7,7.3,-1,6.7,-1,-1
178,41217,9.2,8.1,8.2,9.2,-1,8.9,-1,9
179,41218,8.2,7,7.8,8,-1,7.6,-1,8
180,41220,7.8,7.1,8.8,7.9,-1,8,-1,6.2
181,41223,-1,-1,-1,-1,-1,-1,-1,-1
182,41224,9.3,9,9.7,9.7,-1,9,-1,8.9
183,41225,9,8,9,9,-1,9,-1,-1
184,41226,8,-1,8,8,-1,9,-1,-1
185,41228,9.4,8.7,9.4,9.4,-1,9.4,-1,9.4
186,41229,-1,-1,-1,-1,-1,-1,-1,-1
187,41230,6,6,6,6,-1,6,-1,-1
188,41231,8.5,7.7,8.7,8.4,-1,8.5,-1,8.7
189,41232,7.8,7.7,8.6,7.8,-1,8.1,-1,7.8
190,41234,8.2,8,8.4,8.2,-1,7.6,-1,8.3
191,41235,7.1,10,7.1,10,9.5,7.2,5.5,6.8
192,41236,9.3,9,9.7,9.7,-1,9,-1,8.9
193,41237,8.7,8.6,8.8,8.6,-1,8.5,-1,8.5
194,41238,6.5,4,7,6.5,-1,6.5,-1,6
195,41239,8.6,-1,8.6,-1,-1,10,8.8,9.1
196,41240,8.8,8.7,8.8,8.8,-1,8.8,-1,9
197,41241,8.6,7.4,8.6,8.3,-1,8.3,-1,8.8
198,41243,9.5,-1,9.3,9.3,-1,9.5,-1,9.5
199,41245,9.8,8.7,8.5,9.8,-1,9.8,-1,9.2
200,41247,-1,-1,-1,-1,-1,-1,-1,-1
201,41248,6.2,7.7,8.2,7,-1,6.8,-1,7.3
202,41249,10,-1,10,6,-1,8,-1,-1
203,41250,8.8,8,9,9,-1,8.8,-1,9
204,41254,9,8,9,9,-1,9,-1,-1
205,41255,6.6,7.6,7.3,7.3,-1,7.6,-1,7
206,41258,8.8,8,9,8.5,-1,8.8,-1,8.9
207,41261,10,-1,10,6,-1,8,-1,-1
208,41269,9.2,9.5,9.6,8,-1,8.4,-1,8.3
209,41275,10,-1,10,10,-1,10,-1,-1
210,41279,8,10,8,9.7,9.5,8,5.5,7.9
211,41280,6.2,7.7,8.2,7,-1,6.8,-1,7.3
212,41282,2.5,-1,3.8,-1,3.8,3.8,3.8,3.8
213,41284,5.6,6.2,6,6,-1,5.9,-1,6.7
214,41288,8.7,8,8.7,8.7,-1,8.7,-1,-1
215,41289,9.3,8.3,9.3,9.2,-1,9.1,-1,9.1
216,41295,8.7,7.9,8.8,8.6,-1,8.4,-1,8.4
217,41298,9.4,8.7,9.4,8.9,-1,8.9,-1,8.4
218,41300,6.2,7.7,8.2,7,-1,6.8,-1,7.3
219,41303,-1,-1,-1,-1,-1,-1,-1,-1
220,41304,9.2,8.1,8.2,9.2,-1,8.9,-1,9
221,41306,6.5,4,7,6.5,-1,6.5,-1,6
222,41309,-1,-1,-1,-1,-1,-1,-1,-1
223,41312,9.2,8.1,8.2,9.2,-1,8.9,-1,9
224,41314,-1,-1,-1,-1,-1,-1,-1,-1
225,41317,10,-1,10,10,-1,10,-1,-1
226,41318,-1,-1,-1,-1,-1,-1,-1,-1
227,41319,-1,-1,-1,-1,-1,-1,-1,-1
228,41325,9.6,-1,8.8,10,-1,8.8,-1,9.5
229,41329,-1,-1,-1,-1,-1,-1,-1,-1
230,41330,10,-1,10,9.5,9.5,10,10,9.9
231,41334,8.8,8,9,8.5,-1,8.8,-1,8.9
232,41335,9,8,9,9,-1,9,-1,-1
233,41337,-1,-1,-1,-1,-1,-1,-1,6
234,41341,9.5,-1,9.3,9.3,9.3,9.5,9.5,9.5
235,41342,10,-1,10,10,-1,10,-1,-1
236,41345,8,8,8.7,9.3,-1,9.3,-1,-1
237,41348,7.6,7.4,7.7,7.5,-1,7.4,-1,7.7
238,41349,7.5,-1,7.5,9.5,9.5,7.5,5.5,7.9
239,44241,-1,-1,-1,-1,-1,-1,-1,-1
240,44965,10,10,10,10,-1,10,-1,-1
241,45547,7.3,7.2,7.5,7.3,-1,7.2,-1,7.7
242,45571,8.1,7.7,8.6,8,-1,8.1,-1,8.2
243,45589,9.4,8.7,9.3,9.3,-1,9.1,-1,9
244,45757,8.7,8.5,8.7,8.6,-1,8.5,-1,8.3
245,45759,8,8,8.8,8,-1,8.4,-1,8.3
246,45970,8,8,8.5,8,-1,9,-1,8.8
247,45972,-1,-1,-1,-1,-1,-1,-1,-1
248,45991,-1,-1,-1,-1,-1,-1,-1,-1
249,46035,9,9,9,9,-1,9,-1,-1
250,46049,9.2,-1,9.4,9.2,-1,8.9,-1,9.1
251,46089,-1,-1,-1,-1,-1,-1,-1,-1
252,46102,10,-1,10,8,-1,6,-1,9
253,46209,-1,-1,-1,-1,-1,-1,-1,4
254,46551,8,7.6,8.4,7.8,-1,7.7,-1,7.9
255,46572,-1,-1,-1,-1,-1,-1,-1,10
256,46736,-1,-1,-1,-1,-1,-1,-1,-1
257,46771,7.5,8,8.5,6,-1,8,-1,7.6
258,46779,8,8,8,8.7,-1,7.7,-1,8.7
259,46791,8,-1,8,8,-1,9,-1,-1
260,46813,10,-1,10,10,-1,10,-1,-1
261,46814,-1,-1,-1,-1,-1,-1,-1,-1
262,46882,-1,-1,-1,-1,-1,-1,-1,-1
263,47176,-1,-1,-1,-1,-1,-1,-1,-1
264,47187,-1,-1,-1,-1,-1,-1,-1,-1
265,47201,-1,-1,-1,-1,-1,-1,-1,-1
266,47288,10,-1,10,10,-1,9,-1,-1
267,47505,-1,-1,-1,-1,-1,-1,-1,-1
268,8,8.3,8.1,8.5,8.4,-1,8.2,-1,7.5
269,10,8.2,7.2,7.9,7.9,-1,7.8,-1,6.8
270,39,9.3,7.8,8.1,8.6,-1,8.6,8.3,8.4
271,102,9.1,8.3,8.7,9,-1,8.9,-1,8.3
272,130,8,8,8,8,-1,8,-1,-1
273,173,8.3,7.6,8.6,8.5,-1,8.3,-1,8.1
274,201,7.3,8,10,8.7,-1,8,-1,8.4
275,280,7.4,7.5,7.8,7.4,-1,7.8,-1,6
276,286,8.8,8.3,8.5,8.9,-1,8.6,-1,8.5
277,298,-1,-1,-1,-1,-1,-1,-1,8.6
278,332,8.6,7.9,8.8,8.3,-1,8.3,-1,8.4
279,372,-1,-1,-1,-1,-1,-1,-1,7.4
280,393,8.5,8.1,8.5,8.7,-1,8.5,-1,7.9
281,415,8.5,8.1,8.8,8.3,-1,8.1,-1,7.5
282,430,9.4,8.3,8.5,9.2,-1,9,-1,8.7
283,436,-1,-1,-1,-1,-1,-1,-1,8.4
284,477,8.8,7.9,9,9.2,-1,8.7,-1,8.7
285,482,-1,-1,-1,-1,-1,-1,-1,7.5
286,506,7,7.3,8,7.5,-1,7.5,-1,6.7
287,538,6.3,-1,7.8,-1,6.2,6.3,5.8,6.8
288,552,8.5,7.8,8.1,8.1,-1,8.4,-1,8.2
289,554,8.9,8.3,8.2,8.8,-1,8.7,-1,8.6
290,619,7.5,7.3,8,7.5,-1,7.5,-1,5
291,642,9.1,8.3,8.7,9,-1,8.9,-1,8.3
292,680,8.8,7.9,8.5,9,-1,8.2,-1,8.6
293,692,4,-1,4,4,-1,4,-1,-1
294,747,9.2,7.3,8,8.8,-1,8,-1,8.1
295,842,8.5,8.2,8.4,8.2,-1,8.3,-1,8.3
296,848,8.2,7.9,8.8,8.3,8.4,8.1,7.4,7.9
297,868,10,10,10,10,-1,10,-1,9.4
298,869,9.1,7.8,8.8,8.8,-1,8.5,-1,8.1
299,910,8.3,7.5,8.3,8.4,-1,7.9,-1,7.8
300,963,7.2,-1,7.3,-1,8,7.4,6.4,7.1
301,1002,7,8,9,9,-1,8,-1,8.7
302,1035,7.8,7.8,7.5,7.3,8.6,7.8,7.9,7.3
303,1073,7.9,7.2,8.8,8.7,-1,7.7,-1,7.5
304,1091,9.5,10,9.5,9.5,-1,9,-1,9.3
305,1092,8.4,8,8,8.4,-1,8.4,-1,7.6
306,1304,8.5,8.1,8.8,8.3,-1,8.1,-1,8.4
307,1323,-1,-1,-1,-1,-1,-1,-1,9
308,1357,9.5,8.2,9.1,9.6,-1,9.4,-1,8.9
309,1431,9.1,8.6,9.2,9.1,-1,9,-1,8.6
310,1435,8.7,8,8.3,9,-1,8.3,-1,8.7
311,1488,9.2,9.1,8.1,9.3,-1,9.1,-1,9
312,1489,8.8,8,8.7,8.7,-1,8.5,-1,8.4
313,1516,-1,-1,-1,-1,-1,-1,-1,8.8
314,1584,7,7,9,7,-1,7,-1,-1
315,1600,8.6,7.6,7.2,8.2,-1,7.8,-1,7.6
316,1721,7.5,6.7,8,7.5,-1,7.5,-1,7.5
317,1777,9.3,7,8.7,9.3,-1,9.3,-1,7.2
318,1782,8.4,8.2,8.4,8.9,-1,8.4,-1,8.4
319,1900,-1,-1,-1,-1,-1,-1,-1,7.6
320,1984,9.2,8.5,9.1,9.2,-1,9.2,-1,9.2
321,2049,8.8,8.2,8.7,8.7,-1,8.5,-1,8.5
322,2085,9.4,8,8.4,8.8,-1,8.4,-1,8.6
323,2092,8.8,6,8.4,9.2,-1,9.2,-1,9
324,2096,8.3,7.6,8.5,8.4,-1,8.4,-1,8.5
325,2126,-1,-1,-1,-1,-1,-1,-1,8.8
326,2353,6.8,-1,8.1,-1,7.1,7.6,6.6,7.2
327,2384,9,8.5,8.8,8.6,-1,8.4,-1,8.3
328,2481,8.5,7.6,8.1,8.1,-1,8.5,-1,8.5
329,2510,6,6,6,6,-1,6,-1,-1
330,2533,9.7,9.5,9.6,9.6,-1,9.7,-1,9.5
331,2571,10,-1,10,10,-1,8,-1,7.7
332,2689,-1,-1,-1,-1,-1,-1,-1,7.5
333,2712,6,6,7,7,-1,6,-1,8.7
334,2820,8.2,7.5,7.8,8,-1,7.5,-1,8.1
335,2965,8.8,-1,6.5,-1,8.7,8.9,7.4,8.1
336,3002,7.9,7.6,7.7,7.8,-1,7.5,-1,7.9
337,3007,8.7,8,8.9,9,-1,8.7,-1,6.5
338,3074,-1,-1,-1,-1,-1,-1,-1,10
339,3095,-1,-1,-1,-1,-1,-1,-1,5.6
340,3199,6,5.7,7.2,6.1,-1,5.9,-1,4.3
341,3217,7.4,6.7,8,7.7,8,7.6,6.5,7.4
342,3277,9.2,-1,8.3,8.5,-1,8.1,-1,8.6
343,3399,9.8,8,8.4,9.6,-1,9.1,-1,9.3
344,3486,8,8,8,8,-1,7.3,-1,7.6
345,3542,-1,-1,-1,-1,-1,-1,-1,8
346,3595,-1,-1,-1,-1,-1,-1,-1,6
347,3665,9.3,9,8.7,8.7,-1,8.7,-1,8.4
348,3724,8.5,-1,8.2,-1,7.8,8,7.2,7.9
349,3746,7.8,7.5,8.4,7.6,-1,7.5,-1,8
350,3887,7.4,-1,7.9,-1,7.2,7.6,6.6,7.3
351,3943,6.4,-1,7.9,-1,5,6.3,6,6.6
352,4031,9.3,8,8.3,8.7,-1,8.8,-1,8.9
353,4039,-1,-1,-1,-1,-1,-1,-1,8
354,4044,-1,-1,-1,-1,-1,-1,-1,-1
355,4076,-1,-1,-1,-1,-1,-1,-1,-1
356,4189,8.9,8.5,8.8,9.1,-1,8.8,-1,9.1
357,4201,8.7,9,7.7,9,7.2,9,7.9,7.8
358,4202,7,8,7,7,-1,7,-1,7
359,4231,7.4,-1,7.9,-1,7.2,7.6,6.6,7.3
360,4268,-1,-1,-1,-1,-1,-1,-1,-1
361,4271,8.8,8,9.3,9,-1,8.7,-1,8.8
362,4298,7.5,7.3,7.5,8,-1,8,-1,7.8
363,4366,8.8,7.7,8.9,8.7,-1,8.3,-1,8.7
364,4448,7.9,-1,8.6,-1,7.1,8.2,7.4,7.8
365,4451,6.8,6.4,7.8,7,-1,6.6,-1,7.2
366,4621,8.8,7.9,9,9.2,-1,8.7,-1,8.7
367,4660,-1,-1,-1,-1,-1,-1,-1,7.2
368,4667,9.2,9,8,9,-1,9.6,-1,8.8
369,4760,7.9,7.6,7.7,7.8,-1,7.5,-1,7.9
370,4807,8.7,8.3,9,8.9,8.8,8.8,8.1,8.6
371,4859,8.5,7.9,8.3,8.5,-1,8.6,-1,8.2
372,4954,-1,-1,-1,-1,-1,-1,-1,-1
373,5014,-1,-1,-1,-1,-1,-1,-1,-1
374,5799,9,7.9,8.5,8.5,9.3,9.2,9.3,8.6
375,5868,8.8,7.5,8.3,8.9,-1,8.6,-1,8.7
376,5901,7.4,7.5,7.8,7.4,-1,7.8,-1,7.6
377,6119,-1,-1,-1,-1,-1,-1,-1,9.3
378,6126,8.2,7.9,8.8,8.3,8.4,8.1,7.4,7.9
379,6147,8,8,8.7,8,-1,8.7,-1,8.4
380,6200,-1,-1,-1,-1,-1,-1,-1,-1
381,6296,10,8,10,10,-1,10,-1,7.2
382,6357,-1,-1,-1,-1,-1,-1,-1,8.4
383,6689,-1,-1,-1,-1,-1,-1,-1,8.8
384,6816,8.3,7.6,8.6,8.5,-1,8.3,-1,8.1
385,6817,9.1,8.3,8.7,9,-1,8.9,-1,8.8
386,7083,6.8,6.4,7.8,7,-1,6.6,-1,7.5
387,7086,8.5,7.8,8.1,8.3,8.7,8.2,8,8.1
388,7311,8.7,-1,8,-1,9.3,8.4,8.6,8.4
389,7366,8.8,8.7,8,8.7,-1,8.5,-1,8.7
390,7371,6,5.7,7.2,6.1,-1,5.9,-1,6.7
391,7372,8.7,7.8,8.3,8.7,-1,8.5,-1,8.2
392,7530,-1,-1,-1,-1,-1,-1,-1,9.4
393,7531,-1,-1,-1,-1,-1,-1,-1,9.3
394,7672,9.1,9,8.3,9.7,-1,9.1,-1,8
395,7815,-1,-1,-1,-1,-1,-1,-1,-1
396,7902,9.3,8.5,8.8,9,-1,8.9,-1,8.8
397,7904,8.3,8.6,8.2,9.2,-1,8.4,7.6,8.2
398,8399,8.8,8.4,8.8,8.8,-1,8.7,-1,7.8
399,8402,-1,-1,-1,-1,-1,-1,-1,8.7
400,8408,9.4,8.7,8.6,9.2,-1,9.4,-1,9.1
401,8409,9.2,8,8.6,9.1,-1,9.1,-1,8.9
402,8411,9,8.2,8.2,8.9,-1,8.7,-1,8.7
403,8418,8.5,8.1,8.6,8.3,-1,8.2,-1,8.1
404,8425,8.7,6,6.3,8.7,-1,9,-1,8.3
405,8426,9.2,8.5,8,8.8,-1,9,-1,8.6
406,8427,8.2,7.7,8.5,8.1,-1,7.8,-1,7.9
407,8430,9.4,8,8.4,8.8,-1,8.4,-1,8.2
408,8434,9.6,8.2,8.7,9.4,-1,9.3,-1,9.1
409,8441,10,4,10,10,-1,8,-1,-1
410,8446,-1,-1,-1,-1,-1,-1,-1,6.3
411,8447,9,9,9,8.7,-1,8.7,-1,8.2
412,8449,8.5,7.9,7.3,8.4,-1,8.2,-1,7.8
413,8453,-1,-1,-1,-1,-1,-1,-1,9.4
414,8455,8.6,8.2,8.5,8.7,-1,8.6,-1,8.5
415,8457,8.7,8.2,8.6,8.6,-1,8.5,-1,8
416,8460,-1,-1,-1,-1,-1,-1,-1,-1
417,8462,-1,-1,-1,-1,-1,-1,-1,8.8
418,8463,8.1,8.2,7.6,8.3,-1,8.1,-1,8.2
419,8467,8.8,8.2,8.4,8.7,-1,8.7,-1,8.6
420,8468,9,8,8,9,-1,8,-1,9.2
421,8472,9,8,8.3,8.7,-1,8.7,-1,8.7
422,8478,8,8,8,8,-1,8,-1,-1
423,8479,8,8,8,8,-1,7.3,-1,-1
424,8481,9.4,8.8,8.3,9.4,-1,9.1,-1,8.9
425,8482,-1,-1,-1,-1,-1,-1,-1,9.2
426,8483,-1,-1,-1,-1,-1,-1,-1,9.4
427,8487,-1,-1,-1,-1,-1,-1,-1,4
428,8489,-1,-1,-1,-1,-1,-1,-1,4
429,8490,9.2,8.9,8.7,8.8,-1,8.8,-1,8.7
430,8491,8.8,7.5,8.1,8.6,-1,8.4,-1,8.5
431,8497,-1,-1,-1,-1,-1,-1,-1,-1
432,8498,6,6,6,6,-1,6,-1,-1
433,8499,9.2,8,8.2,9,-1,9,-1,8.9
434,8505,9.2,-1,9,10,10,9.7,9.5,9.4
435,8506,9.1,9,7,10,-1,9.1,8.5,8.4
436,8508,-1,-1,-1,-1,-1,-1,-1,7
437,8509,-1,-1,-1,-1,-1,-1,-1,-1
438,8792,8.8,7.5,8.1,8.6,-1,8.4,-1,8.8
439,8799,8.2,-1,8.5,8.1,8.2,8.2,7.9,8.3
440,8807,9.2,-1,8.7,9.2,-1,8.4,-1,8.9
441,8817,-1,-1,-1,-1,-1,-1,-1,7.4
442,8822,9.2,8.7,7.9,9.3,-1,9.2,-1,8.7
443,8829,8.1,8.2,7.6,8.3,-1,8.1,-1,8.2
444,8830,-1,-1,-1,-1,-1,-1,-1,4
445,8836,-1,-1,-1,-1,-1,-1,-1,-1
446,9078,8.7,8.2,8.1,8.7,-1,8.5,-1,8.3
447,9088,7.3,-1,7.3,-1,7.4,8.2,7.4,7.5
448,9100,7.9,-1,8.4,7.6,-1,7.3,-1,7.7
449,9109,8.7,8,8.9,9,-1,8.7,-1,9
450,9117,-1,-1,-1,-1,-1,-1,-1,-1
451,9118,9,10,8.5,9,-1,9,-1,9.3
452,9151,-1,-1,-1,-1,-1,-1,-1,7.4
453,9152,6.5,7.3,7,6.5,-1,6.5,-1,8.3
454,9154,8.5,7.9,7.3,8.4,-1,8.2,-1,7.8
455,9158,-1,-1,-1,-1,-1,-1,-1,9.3
456,9159,9.3,8,8,9.3,-1,8.7,-1,-1
457,9952,8,-1,8,8,-1,8,-1,-1
458,9963,6,6,7,7,-1,6,-1,8.7
459,21682,8.4,8,6.8,10,-1,8.3,7.5,7.6
460,21739,8.4,8.7,8.7,8.2,-1,8.6,-1,8
461,21768,9.4,8.3,8,9.2,-1,8.9,-1,8.3
462,21819,-1,-1,-1,-1,-1,-1,-1,5.7
463,21873,8.5,8.2,8.5,8.4,-1,8.4,-1,8.4
464,21935,7.6,-1,7.4,8.2,-1,7.6,5.8,7.4
465,21957,8.6,-1,8.6,-1,-1,8.3,7.8,7.9
466,22001,-1,-1,-1,-1,-1,-1,-1,10
467,22007,10,-1,10,10,-1,10,-1,-1
468,22018,8,-1,9,10,-1,9,-1,5.2
469,22052,8.7,7.6,8.1,8.5,-1,7.7,-1,8.2
470,22056,9.3,7.5,7.7,8.8,-1,8.2,-1,8.6
471,22070,7.9,-1,7.9,8.2,-1,7.9,-1,7.9
472,22132,9.5,7.6,8.8,8.8,-1,8.5,-1,6.9
473,22178,8.8,7.7,8.2,8.7,-1,8.6,-1,8.3
474,22216,9.1,-1,9.1,8.7,8.7,8.9,8.5,8.9
475,22222,8.7,8.7,7.7,8.3,-1,7.7,-1,8.6
476,22262,-1,-1,-1,-1,-1,-1,-1,-1
477,22285,-1,-1,-1,-1,-1,-1,-1,6
478,22309,-1,-1,-1,-1,-1,-1,-1,6.5
479,22410,-1,-1,-1,-1,-1,-1,-1,8.7
480,22454,-1,-1,-1,-1,-1,-1,-1,-1
481,22464,9.6,8.3,8.3,9.5,-1,9,-1,8.7
482,22493,9.7,8,7.7,9.4,-1,8.6,-1,8.7
483,22500,7.5,-1,8.1,7.5,7.5,7.8,7.5,7.4
484,22514,8.9,8.4,8,8.7,-1,8.6,-1,8.6
485,22517,9.2,-1,8.3,8.5,8.5,8.7,8.1,8.7
486,22557,10,-1,10,10,-1,8,-1,-1
487,22580,-1,-1,-1,-1,-1,-1,-1,8.5
488,22589,-1,-1,-1,-1,-1,-1,-1,-1
489,22619,9.2,-1,9,9.3,9.3,9.3,8.9,9.3
490,22623,9.1,9,8.3,9.7,-1,9.1,-1,8
491,22720,7.9,8.4,6.9,8.8,-1,8.3,7.4,7.8
492,22722,8.6,8.6,9.1,8.6,-1,8.4,-1,8.4
493,22802,8.1,8.1,8.4,8.7,7.6,8.4,7.4,8.1
494,22906,8.2,7.5,7.8,8,-1,7.5,-1,8.1
495,22914,9.2,8.9,8.7,8.8,-1,8.8,-1,8.7
496,22920,8.2,-1,7.1,8.8,-1,7.2,4,7.3
497,22952,-1,-1,-1,-1,-1,-1,-1,7
498,22956,8.5,-1,7.9,-1,-1,8.8,7.5,8
499,22980,8.1,8.3,8.8,7.8,-1,7.7,-1,8.2
500,22987,8.7,8.4,7.7,8.7,-1,8.8,-1,8.6
501,23029,8.2,7.5,7.8,8,-1,7.5,-1,7
502,23134,8,7.8,9.1,8.1,-1,9,8.2,8.6
503,23137,9.3,7.8,9.1,8.7,-1,8.6,-1,8.2
504,23140,8.9,-1,8.2,-1,9,9.5,8.9,8.8
505,23145,-1,-1,-1,-1,-1,-1,-1,-1
506,23167,8.9,8,8.3,8.6,-1,8.6,-1,7.4
507,23172,9.1,8.5,9.1,9.4,-1,9.4,-1,8.2
508,23189,10,9,9,10,-1,10,-1,8.2
509,23213,8.6,10,8,7.5,8.5,8.6,8.1,8.7
510,23234,7.7,7.5,7.3,8,-1,7.3,-1,7.8
511,23248,9,8.3,8.5,9.2,-1,9.2,-1,7.4
512,23270,-1,-1,-1,-1,-1,-1,-1,-1
513,23305,8.6,8,7.7,9.1,-1,8.6,-1,7.8
514,23330,8.8,-1,8.4,8.4,-1,8.1,-1,8.3
515,23376,-1,-1,-1,-1,-1,-1,-1,8.8
516,23393,9.3,7,8.7,9.3,-1,9.3,-1,7.2
517,23394,8.3,7.5,8.3,8.4,-1,7.9,-1,8.3
518,23461,-1,-1,-1,-1,-1,-1,-1,7.5
519,23493,9.2,7.5,9.2,8.8,-1,8.8,-1,7.4
520,23513,6.2,6.7,6.2,5.8,-1,6.2,-1,6.6
521,23674,7.9,-1,7.9,8.2,-1,7.9,-1,7.9
522,23732,6.5,-1,8,6,-1,6.5,5.3,6.8
523,23772,7.3,-1,7.8,-1,-1,8.2,6.7,7.4
524,23803,-1,-1,-1,-1,-1,-1,-1,2
525,29404,8.5,7.9,7.3,8.4,-1,8.2,-1,8.3
526,29409,-1,-1,-1,-1,-1,-1,-1,7.1
527,29414,8.2,7.5,7.8,8,-1,7.5,-1,8.1
528,29415,8.3,7.6,8.5,8.4,-1,8.4,-1,8.1
529,29419,8.9,8,8.8,8.7,-1,8.5,-1,8.6
530,29445,8.8,9,8.4,9.4,9.3,8.9,8.9,8.8
531,29448,8.7,8,7.6,9.2,-1,8.9,8.3,7.9
532,29456,8.2,-1,7.6,-1,-1,9.2,7.7,8.4
533,29458,-1,-1,-1,-1,-1,-1,-1,6
534,29466,9,-1,7.4,-1,-1,9.3,8.5,8.7
535,29498,8.5,7.9,8.3,8.5,-1,8.6,-1,8.4
536,29564,8.4,7.8,8.6,8.2,-1,7.9,-1,8.6
537,29566,-1,-1,-1,-1,-1,-1,-1,-1
538,29615,8.7,8.5,7.3,9,-1,8.3,-1,8.6
539,29663,8.8,10,7.9,9.4,-1,8.7,-1,8.8
540,29666,8.5,8.1,8.6,8.3,-1,8.2,-1,9
541,29684,9.6,8.3,8.4,9.3,-1,9.3,-1,8.6
542,29686,9.2,8,8.8,9.2,-1,9.2,-1,9
543,29694,9.2,8,8.8,9.2,-1,9.2,-1,9
544,29695,9.2,8,8.8,9.2,-1,9.2,-1,9
545,29696,9.2,8,8.8,9.2,-1,9.2,-1,9
546,29700,9.6,8.3,8.4,9.3,-1,9.3,-1,8.6
547,29701,9.6,8.3,8.4,9.3,-1,9.3,-1,8.6
548,29706,9.6,8.3,8.4,9.3,-1,9.3,-1,8.6
549,29707,9.6,8.3,8.4,9.3,-1,9.3,-1,8.6
550,29711,9.7,9,8.8,9.6,9.6,9.4,9.4,9.3
551,40391,8.7,8.2,8.1,8.7,-1,8.5,8.4,8.5
552,40392,7.7,-1,7.4,-1,7.6,7.9,7.4,7.6
553,40394,8.1,-1,7.3,8.3,8.3,8.3,8.1,8.1
554,40395,8.2,-1,7.5,-1,7.5,8.2,8,7.8
555,40397,8.1,-1,8.9,-1,8.3,8.6,8.1,8.4
556,40398,9.4,-1,9.6,-1,9.4,9.5,9.1,9.4
557,40400,-1,-1,-1,-1,-1,-1,-1,-1
558,40402,4.7,-1,7.3,-1,-1,5.3,4.7,5.6
559,40404,8.7,-1,8.7,-1,-1,8.3,7.5,8.3
560,40405,9.3,-1,7.7,-1,-1,8.8,8.5,8.5
561,40407,4,-1,10,-1,-1,10,4,7.2
562,40409,7.7,-1,8.7,-1,7.7,8.4,7.3,8
563,40410,7.6,-1,7.2,-1,-1,8,7.5,8
564,40411,7.8,-1,7.9,-1,-1,8.2,7.6,7.9
565,40412,9.4,8.4,9.3,9.1,-1,8.7,-1,8.8
566,40413,9.4,8.6,8.8,9.2,-1,9.3,-1,9
567,40414,-1,-1,-1,-1,-1,-1,-1,8
568,40415,9.4,8.7,8.8,9.2,-1,9.1,-1,8.8
569,40417,8.9,8.1,8,9.2,-1,8.7,8.2,8.5
570,40418,9.1,-1,8.7,-1,-1,9.2,7.7,8.5
571,40419,8.9,8,8.3,9.1,-1,9,-1,8.7
572,40422,9,8.8,8.7,9.1,-1,9,-1,8.7
573,40423,8.5,-1,8.2,8.6,-1,9.1,-1,8.8
574,40424,8.6,8.3,7.4,9,-1,8.3,7.8,7.9
575,40426,9.7,8.4,8.7,9.4,-1,9.3,-1,9
576,40427,8.6,8.4,8.1,8.6,-1,8.4,-1,8.4
577,40428,9.1,8.3,9.1,9.1,-1,9.1,-1,7.8
578,40430,-1,-1,-1,-1,-1,-1,-1,9.3
579,40431,10,8,10,10,-1,8,-1,9.2
580,40432,9.5,8.2,9.1,9.6,-1,9.4,-1,8.9
581,40433,7.3,-1,7,-1,-1,7.3,5.8,7.7
582,40434,9.3,8.5,8.8,9,-1,8.9,-1,8.8
583,40435,9.1,8.3,8.4,8.7,-1,8.6,-1,8.6
584,40437,8.8,-1,7.9,-1,-1,8.5,8.5,8.5
585,40438,-1,-1,-1,-1,-1,-1,-1,8.5
586,40439,5.9,6,5.6,6,-1,6.5,5.4,5.3
587,40440,8.6,8,7.7,9.1,-1,8.6,-1,7.8
588,40441,8.7,-1,7.4,9.1,-1,8.7,8.5,8.7
589,40442,8.9,8,7.8,8,-1,8.9,8.9,8.9
590,40443,8,8,7,7,-1,7.3,-1,6.9
591,40444,9,-1,7.8,9.6,-1,8.8,8.5,9
592,40445,8.1,8,7.5,9,-1,8,7.5,7.6
593,40446,8.9,7.8,9,9.1,-1,9.2,-1,8.9
594,40448,-1,-1,-1,-1,-1,-1,-1,-1
595,40449,8,7.2,7.8,7.9,-1,7.2,7.1,7.7
596,40450,9.3,-1,8.6,9.7,-1,9.6,8.7,9.2
597,40451,8,-1,7.8,-1,-1,9.3,8.3,8.5
598,40452,8.5,8.2,8.5,8.4,-1,8.4,-1,8.4
599,40453,-1,-1,-1,-1,-1,-1,-1,10
600,40454,9.6,9.3,8.9,9.4,-1,9.3,-1,8.9
601,40456,9.2,-1,9,9.3,9.3,9.3,8.9,9.3
602,40457,8.9,8.8,7.2,9.1,-1,8.9,8.5,8.6
603,40458,6,-1,6,6,-1,6,-1,-1
604,40459,8.7,8.4,7.7,8.7,-1,8.8,-1,8.6
605,40461,8.9,7.8,9.1,8.6,-1,8.7,-1,8.5
606,40462,9,8.7,9.5,8,-1,8,-1,8.9
607,40463,9.6,9.3,8.8,9.6,-1,9.5,9.4,9.2
608,40465,9.2,8,8.8,9.2,-1,9.2,-1,8.9
609,40466,-1,-1,-1,-1,-1,-1,-1,-1
610,40467,7,7.2,7,7.6,-1,6.9,6,7
611,40468,9.4,-1,7.8,9.4,-1,9.2,-1,9.1
612,40470,8.9,8,7.4,8.8,-1,8.7,-1,8.5
613,40471,9.6,8,8.4,8.9,-1,9.3,-1,9.2
614,40472,-1,-1,-1,-1,-1,-1,-1,10
615,40475,8.4,-1,8.4,-1,-1,8.5,7.6,8.3
616,40477,7,-1,7.5,-1,-1,6.8,6.7,7.1
617,40478,9,-1,7.3,-1,-1,8.5,8.2,8.3
618,40480,9.3,8.2,8.9,9.4,-1,9.2,-1,8.9
619,40481,9,-1,7.3,-1,-1,8.5,8.2,8.3
620,40484,9,8,7,8.5,-1,8,-1,-1
621,40486,8.8,8.5,7.2,8.8,-1,8.4,-1,8.4
622,40487,8.9,8.6,8.5,8.7,-1,8.9,-1,8.3
623,40490,9.3,8.3,8.2,9.2,-1,9.2,8.9,8.9
624,40491,9.1,-1,9,8.7,-1,8.5,-1,8.9
625,40494,7.4,7.5,7.8,8,-1,7.9,6.4,7.5
626,40495,-1,-1,-1,-1,-1,-1,-1,-1
627,40496,-1,-1,-1,-1,-1,-1,-1,-1
628,40498,7.7,7.7,7.5,8.5,-1,7.6,5.8,7.6
629,40499,8.8,6.7,7.2,7.6,-1,7.6,-1,8
630,40502,7.5,8.9,9,8.7,-1,7.4,5.3,7.4
631,40504,8,-1,7.6,-1,-1,9.6,8.8,8.6
632,40505,8.7,8,7.6,9.2,-1,8.9,8.3,7.9
633,40506,7.6,8,8.2,8,-1,7.8,-1,8.3
634,40507,-1,-1,-1,-1,-1,-1,-1,8.3
635,40509,-1,-1,-1,-1,-1,-1,-1,8.3
636,40511,10,-1,10,10,-1,10,-1,-1
637,40512,6,7,7,6,-1,6,-1,9.2
638,40513,9.1,8.3,8.7,9,-1,8.9,-1,9.1
639,40514,8.3,-1,6.2,8.4,8.4,8.3,8,7.9
640,40515,-1,-1,-1,-1,-1,-1,-1,-1
641,40520,7.3,10,7.3,6.7,-1,6.7,-1,7.8
642,40522,9.5,-1,8,9.5,-1,8.5,-1,8.4
643,40527,-1,-1,-1,-1,-1,-1,-1,-1
644,40529,4.7,4,6,6,-1,6,-1,-1
645,40530,10,8,10,10,-1,10,-1,5.2
646,40531,8.6,7,8.1,8.5,9,8.9,8.9,8.7
647,40532,-1,-1,-1,-1,-1,-1,-1,-1
648,40533,8.7,8.3,8.8,8.4,-1,8.3,-1,8.6
649,40534,10,10,9.5,10,-1,10,-1,10
650,40535,8.7,-1,9,-1,-1,9,8.7,8.9
651,40536,8.7,7.7,8.8,8.6,-1,8.2,-1,7.8
652,40537,-1,-1,-1,-1,-1,-1,-1,10
653,40542,9.4,-1,8.6,9.7,9.7,9,8.3,9.2
654,40543,10,8,10,9.3,-1,9.3,-1,-1
655,40546,10,-1,9.5,-1,10,10,10,9.9
656,40552,8.8,9,8.4,9.4,9.3,8.9,8.9,8.8
657,40553,-1,-1,-1,-1,-1,-1,-1,-1
658,40558,8,-1,9,10,-1,9,-1,-1
659,40559,8.9,-1,8.8,9.8,9.8,9.1,8.9,9.1
660,40562,4.7,4,6,6,-1,6,-1,-1
661,40567,9.4,8.8,8.3,9.4,-1,9.1,-1,8.9
662,40568,8.7,-1,9,9.2,-1,9.1,-1,8.3
663,40569,9,8,7,8.5,-1,8,-1,-1
664,40570,-1,-1,-1,-1,-1,-1,-1,5.7
665,40572,7.7,-1,8.3,8,-1,8.7,8,8.3
666,40573,-1,-1,-1,-1,-1,-1,-1,-1
667,40576,-1,-1,-1,-1,-1,-1,-1,8.2
668,40584,10,8,8,10,-1,10,-1,-1
669,40586,8.8,-1,8.3,8.9,-1,8.7,-1,8.7
670,40590,7.9,8.4,6.9,8.8,-1,8.3,7.4,7.8
671,40591,-1,-1,-1,-1,-1,-1,-1,8.1
672,40592,9.1,8.2,8.6,9,-1,9.1,8.5,9
673,40593,9.6,8,9.8,9.4,-1,8.8,-1,9.7
674,40594,8,-1,2,-1,-1,8,8,6.4
675,40595,9.4,8.3,8,9.2,-1,8.9,-1,8.3
676,40596,8,-1,8.5,8.8,8.8,8.6,8.6,8.4
677,40600,8,-1,8.5,8.8,-1,8.6,-1,8.3
678,40601,10,-1,10,10,-1,10,-1,-1
679,40605,7.5,4,6.5,7.5,-1,6.5,-1,6.8
680,40607,-1,-1,-1,-1,-1,-1,-1,6.8
681,40608,-1,-1,-1,-1,-1,-1,-1,-1
682,40619,9.8,9,9,9.5,-1,8.8,-1,8.6
683,40620,9,9,9,8.7,-1,8.7,-1,8.2
684,40622,7.7,-1,8.3,8,-1,8.7,8,8.3
685,40624,10,-1,7.5,-1,10,7.5,10,8.8
686,40626,9,10,8.5,9,-1,9,-1,9.3
687,40629,10,10,10,10,-1,10,-1,-1
688,40634,7.6,7.6,8.2,8,-1,8,-1,8.1
689,40637,9.2,-1,9,9.3,-1,8.9,-1,9.3
690,40641,8,8,8,8,-1,8,-1,2
691,40642,-1,-1,-1,-1,-1,-1,-1,9
692,40644,-1,-1,-1,-1,-1,-1,-1,5.3
693,40645,-1,-1,-1,-1,-1,-1,-1,-1
694,40651,-1,-1,-1,-1,-1,-1,-1,-1
695,40653,-1,-1,-1,-1,-1,-1,-1,8
696,40660,-1,-1,-1,-1,-1,-1,-1,7.5
697,40663,-1,-1,-1,-1,-1,-1,-1,10
698,40664,-1,-1,-1,-1,-1,-1,-1,-1
699,40667,-1,-1,-1,-1,-1,-1,-1,-1
700,44205,8.2,8.2,7.9,8.7,-1,9.3,8.8,8.6
701,44207,8.3,-1,7,-1,-1,8.1,7.8,7.8
702,44210,9.5,-1,8.8,9,9,9.8,9.6,9.3
703,44211,-1,-1,-1,-1,-1,-1,-1,-1
704,44213,10,8,8.5,10,-1,9,-1,-1
705,44734,9.6,-1,9,-1,9.4,10,9,9.5
706,44735,8.8,7.7,8.9,8.7,-1,8.3,-1,8.7
707,44736,-1,-1,-1,-1,-1,-1,-1,10
708,44737,9.3,8.7,8.5,9.1,-1,9,-1,8.6
709,44739,-1,-1,-1,-1,-1,-1,-1,8
710,44740,-1,-1,-1,-1,-1,-1,-1,9
711,44746,7.7,8,7.7,7.7,-1,7.7,-1,8
712,45078,9.2,8,7.8,9.3,-1,8.8,7.9,8.3
713,45292,8.8,8.2,8.4,8.7,-1,8.7,-1,8.6
714,45445,-1,-1,-1,-1,-1,-1,-1,9.1
715,45527,8.6,-1,8.2,8.5,-1,8.3,7.6,7.9
716,45534,-1,-1,-1,-1,-1,-1,-1,6.6
717,45545,9.7,-1,8.7,9.6,9.6,9.6,9.4,9.3
718,45635,9.4,8.5,8.7,9.3,-1,9.1,-1,9
719,45652,9.4,8.5,8.7,9.3,-1,9.1,-1,9
720,45734,-1,-1,-1,-1,-1,-1,-1,-1
721,45815,9.2,8.9,8.7,8.8,-1,8.8,-1,8.7
722,45867,10,-1,9.5,10,10,10,10,9.9
723,45874,-1,-1,-1,-1,-1,-1,-1,-1
724,45996,-1,-1,-1,-1,-1,-1,-1,-1
725,46304,9.1,-1,7.4,-1,-1,9,8.9,7.7
726,46310,-1,-1,-1,-1,-1,-1,-1,-1
727,46331,-1,-1,-1,-1,-1,-1,-1,-1
728,46382,6,6,6,6,-1,6,-1,-1
729,46384,-1,-1,-1,-1,-1,-1,-1,10
730,46429,-1,-1,-1,-1,-1,-1,-1,-1
731,46503,9.4,-1,8.4,9.8,-1,9.6,8.4,9.2
732,46508,-1,-1,-1,-1,-1,-1,-1,2
733,46564,-1,-1,-1,-1,-1,-1,-1,8
734,46580,-1,-1,-1,-1,-1,-1,-1,-1
735,46593,-1,-1,-1,-1,-1,-1,-1,2
736,46599,-1,-1,-1,-1,-1,-1,-1,-1
737,46785,10,-1,10,9,-1,8,-1,8
738,46792,-1,-1,-1,-1,-1,-1,-1,-1
739,46795,8,-1,9,8,-1,8,-1,8.1
740,46875,7.8,-1,8.7,7.4,-1,7.2,-1,8
741,46934,8.4,-1,8.8,-1,-1,8.8,8.4,8.6
742,46937,8.3,8.8,7.1,8,-1,7.8,-1,7.3
743,47027,8.9,8,8.2,8.2,-1,8,-1,7.3
744,47067,-1,-1,-1,-1,-1,-1,-1,-1
745,47091,9.2,-1,7.5,8.8,-1,8.3,-1,8.5
746,47113,-1,-1,-1,-1,-1,-1,-1,-1
747,47163,7.3,-1,7,-1,-1,7.3,5.8,7
748,47217,-1,-1,-1,-1,-1,-1,-1,-1
749,47245,-1,-1,-1,-1,-1,-1,-1,-1
750,47303,-1,-1,-1,-1,-1,-1,-1,8
751,47364,-1,-1,-1,-1,-1,-1,-1,-1
752,47462,9.3,-1,8.6,9.7,-1,9.6,8.7,9.2
753,47468,7.3,-1,7,-1,-1,7.3,5.8,7
754,47474,-1,-1,-1,-1,-1,-1,-1,-1
755,47546,-1,-1,-1,-1,-1,-1,-1,7.5
756,47561,-1,-1,-1,-1,-1,-1,-1,10
757,47564,7.7,8,7.7,8,7.5,7.7,7.5,7.4
758,47586,-1,-1,-1,-1,-1,-1,-1,-1
759,47588,8.4,8,8.1,8,9.3,8.6,8.9,8.1
760,47617,9.3,-1,8.8,9.1,9.1,9.2,9,8.8
761,47651,8.3,-1,8,-1,8,8.9,7.6,8.1
762,56,6,-1,9.1,-1,6,5.4,5.2,6.3
763,116,6.3,-1,6.1,-1,5.2,5.7,6.4,5.9
764,170,7.4,-1,7.4,-1,7.6,7.5,6.7,7.2
765,367,-1,-1,-1,-1,-1,-1,-1,6.4
766,519,10,8,8,10,-1,10,-1,6
767,643,6.4,7.6,8,7.7,5.5,6.5,5.3,6
768,715,6.7,6.7,7.8,6.5,6.5,6.4,6,6.8
769,776,8,7.3,8,8.4,-1,8.2,-1,8.4
770,875,8.3,8,8.5,8.6,7.3,8.3,7.8,8
771,1118,8.6,8.3,8.4,8.2,-1,7.8,-1,7.9
772,1244,7.1,-1,8.4,-1,7.2,7.3,6.1,6.8
773,1249,8.3,8,8.4,7.6,-1,7.5,-1,7.8
774,1279,6.8,-1,7.2,-1,7.2,7.1,6.1,7
775,1352,8,8.4,7.7,8,8.2,7.9,7,7.8
776,1375,7.5,7.1,8.7,8.1,7.9,7.3,6.5,7.5
777,1387,6.9,-1,8,-1,6.5,7.1,6.6,7.2
778,1666,10,10,10,10,-1,10,-1,-1
779,1685,6.5,-1,7.7,-1,5.4,6.6,5.7,5.1
780,1788,7,5.3,7.9,6.4,7.2,7,6.1,7.1
781,2418,-1,-1,-1,-1,-1,-1,-1,-1
782,2656,7.9,8,8.5,8,7.5,8.3,7.3,7.4
783,2662,-1,-1,-1,-1,-1,-1,-1,2
784,2760,-1,-1,-1,-1,-1,-1,-1,10
785,2790,7.9,-1,9.1,7.9,7.9,8.2,7.7,8
786,2822,7.1,8,7.7,8,-1,8,-1,7.7
787,2871,8.1,-1,8.8,7.9,-1,7.8,-1,8
788,3227,-1,-1,-1,-1,-1,-1,-1,-1
789,3325,5.8,-1,7.5,5,-1,5.6,-1,5.3
790,3396,7.5,7.5,7.5,7.5,-1,7.5,-1,7.5
791,3451,7.3,-1,9.1,10,7.5,7.9,5.9,7.6
792,3532,-1,-1,-1,-1,-1,-1,-1,9
793,3605,5.8,-1,7,8,-1,6.1,4,6.4
794,3709,8,8.7,8.4,8,-1,7.6,-1,8.1
795,3715,5.7,6,7.1,5.5,5.4,5.9,5.8,6.1
796,3772,8,-1,5,-1,6,8,8,7.1
797,3853,8.1,-1,8.8,7.9,7.9,8.2,7.8,8
798,3881,8,7.3,8,8.4,-1,8.2,-1,8.2
799,3890,8.2,8.4,8,9,7.8,8,7,7.9
800,3964,6.4,-1,6.2,7.1,6.4,6.8,5.8,6.3
801,4007,5.1,8.2,3.7,7.8,6,6.6,-1,5.9
802,4008,5,-1,7.1,-1,4.7,4.9,4,5.2
803,4097,5.1,-1,4.7,-1,4,4.5,4.3,5.1
804,4108,7.1,8,7.7,8,-1,8,-1,7.7
805,4417,6.8,-1,7.9,5.7,5.8,6,5.8,6.5
806,4475,8.7,7.1,9.7,8.6,8.8,8.8,8.8,9
807,4552,9.5,-1,8.9,9.4,-1,9.2,-1,9.2
808,4712,6.5,8,5.9,7.8,6.1,6.6,6.4,6.6
809,4772,8.5,8,8.6,8.6,7.9,8.6,7.8,8
810,4839,7.1,6.8,8,7.1,-1,7.1,-1,5.8
811,4872,8.6,-1,8.7,8.5,9,8.6,7.8,8.3
812,5141,7.1,-1,4.7,-1,6,7.3,6.3,6.5
813,5155,6.6,7.1,5.5,6.7,6,6.2,5.2,6
814,6110,7.2,6.5,7.9,7,-1,7.7,6.9,7.6
815,6194,6.8,5.3,6.9,6.4,-1,6.5,-1,6.9
816,6327,4,-1,6,-1,-1,6,2,5.2
817,6370,-1,-1,-1,-1,-1,-1,-1,6.9
818,6390,4.6,-1,7.1,-1,5,5.7,6.7,5.3
819,6631,8,8.7,8.4,8,-1,7.6,-1,8.1
820,6656,7.1,8.2,6.3,7.8,7.2,7.5,6.6,6.9
821,6677,7,6,8,6.1,7.1,6.4,6.4,7
822,6680,7.3,8,8.4,7.3,7.2,7.4,6.1,7.5
823,6724,8,7.3,8,8.4,-1,8.2,-1,8.2
824,6774,-1,-1,-1,-1,-1,-1,-1,5.4
825,6814,-1,-1,-1,-1,-1,-1,-1,-1
826,7075,-1,-1,-1,-1,-1,-1,-1,8.6
827,7527,7.7,-1,8,8,-1,7.4,-1,7.8
828,8195,8.1,8,8.4,8.2,-1,8.1,7.3,7.8
829,8207,7.4,10,6.9,7.5,-1,7.4,6.3,7.3
830,8226,-1,-1,-1,-1,-1,-1,-1,-1
831,8227,8.5,8,8.5,9,-1,8.5,-1,7
832,8228,6.1,-1,7.1,-1,7.6,7.9,6.3,6.9
833,8232,7.3,-1,5.3,-1,-1,6.3,5.5,6.1
834,8234,8.1,7.1,8.5,8.1,-1,7.7,-1,8.2
835,8238,7.4,-1,9.3,-1,-1,7.9,7.4,8.1
836,8240,7.7,8,8.3,7.7,-1,7.7,-1,7.6
837,8247,8,7.3,8,8.4,-1,8.2,-1,8.1
838,8252,-1,-1,-1,-1,-1,-1,-1,-1
839,8942,-1,-1,-1,-1,-1,-1,-1,8.6
840,8945,-1,-1,-1,-1,-1,-1,-1,8.3
841,8946,-1,-1,-1,-1,-1,-1,-1,8.7
842,8949,9.3,9.3,8,9.3,-1,9.3,-1,-1
843,8952,-1,-1,-1,-1,-1,-1,-1,8.5
844,8953,-1,-1,-1,-1,-1,-1,-1,9
845,9756,8.1,-1,7.4,-1,8.3,8.2,7.8,7.8
846,9866,9.1,6.7,8.5,8.7,9.5,8.7,8.8,8.9
847,21669,-1,-1,-1,-1,-1,-1,-1,6.9
848,21884,6.8,5.3,6.9,6.4,-1,6.5,-1,6.8
849,21959,7.3,-1,7.9,7.1,7.1,7.2,6.9,7.3
850,22095,9.4,-1,9.3,9.6,-1,9.4,9,9.3
851,22397,8,-1,9.8,8.7,-1,8.5,-1,8.5
852,22407,7.7,-1,8,8,8.1,7.8,7.4,7.9
853,22772,10,-1,10,10,-1,10,-1,-1
854,22796,8.7,8,8.4,10,-1,8.8,10,7.4
855,22876,9,9.3,7.8,8.9,-1,9.1,9,8.9
856,22905,-1,-1,-1,-1,-1,-1,-1,8.3
857,23200,-1,-1,-1,-1,-1,-1,-1,-1
858,23229,-1,-1,-1,-1,-1,-1,-1,6.7
859,23286,-1,-1,-1,-1,-1,-1,-1,10
860,23323,8.2,7.1,9.5,8.6,6.4,8.4,7.3,8.4
861,23382,8.6,7.1,9.5,8.6,-1,8.4,-1,8.9
862,23409,7.7,8,8.3,7.7,-1,7.7,-1,8.1
863,23508,8,-1,5,-1,6,8,8,7.1
864,23522,8.7,-1,6.9,-1,8.4,8.7,7.3,8.2
865,23593,8.1,7.1,8.5,8.1,-1,7.7,-1,8.4
866,23611,8.3,8,8.6,8,-1,8,-1,8.5
867,23671,8.8,8,8.5,8.9,-1,8.8,-1,8.5
868,23734,7.7,-1,8,8,8.1,7.8,7.4,7.8
869,23735,-1,-1,-1,-1,-1,-1,-1,-1
870,23780,-1,-1,-1,-1,-1,-1,-1,-1
871,29659,9.3,8.8,8.4,9,-1,8.8,9,8.6
872,29660,-1,-1,-1,-1,-1,-1,-1,7.8
873,29726,7.5,7.1,8.7,8.1,7.9,7.3,6.5,7.5
874,41360,9.5,-1,8.6,9.3,9.3,9.2,8.8,9.1
875,41361,8,8,7.4,7.7,-1,7.7,7.3,7.5
876,41362,9,-1,8.9,-1,-1,9.1,8.4,8.5
877,41363,8.6,-1,8.3,6.9,6.9,7.5,7.1,7.8
878,41364,8.9,8.2,8.9,8.9,-1,8.8,8.1,8.7
879,41365,8,-1,8,-1,-1,6,6,7.2
880,41367,9.1,8,7.4,8.9,8.9,8.8,8.3,8.5
881,41369,9.2,10,8.8,9.5,-1,9.4,8.6,8.5
882,41370,6.7,-1,8.1,5.7,-1,6.8,5.8,6.8
883,41372,7.4,-1,7.1,-1,-1,6.9,7.4,7.5
884,41373,8,-1,6.8,7.7,-1,8.1,7.3,7.7
885,41375,4.5,-1,4.8,-1,-1,6.1,4.4,5.1
886,41376,8.2,-1,7.3,8,8,8,8,7.9
887,41378,-1,-1,-1,-1,-1,-1,-1,-1
888,41379,6.5,-1,7.3,6.8,6.8,7.6,6.6,7.1
889,41380,9.3,-1,9.3,-1,-1,10,8,9.2
890,41382,8.8,-1,7.5,-1,-1,9,7.8,7.8
891,41383,5,-1,4,-1,-1,4,2,3.8
892,41384,8.1,-1,7.3,7.6,7.6,7.9,7.7,7.8
893,41386,8.6,9,8.2,8.2,-1,8.2,8.1,8.4
894,41388,6.7,8,7.3,7.1,-1,6.6,5.4,6.8
895,41390,7.8,-1,7.2,7,8.5,7.8,8.5,8.4
896,41391,6.8,-1,7,7.1,-1,5.7,-1,6.9
897,41392,6,-1,7.1,6.2,6.3,6,5.7,5.8
898,41393,8.4,-1,7.7,-1,8.5,9.4,8.6,8.6
899,41394,7.6,-1,7.2,5.6,-1,7.4,7.1,6.9
900,41395,8.2,-1,7.1,8.4,8.4,8.2,8.1,8.1
901,41396,8.1,8,8.4,8.2,-1,8.1,7.3,7.8
902,41397,8.7,8,8.7,8.7,-1,8.7,-1,7.7
903,41398,7.9,-1,7.7,9,-1,7.4,5,7.1
904,41400,8.3,-1,7.9,6.7,6.7,7.7,7.1,7.6
905,41402,-1,-1,-1,-1,-1,-1,-1,-1
906,41403,10,-1,10,-1,-1,10,10,10
907,41405,9,-1,9.6,9,9,9.2,8.9,9.1
908,41406,8.4,-1,7,8.8,-1,8.2,6.5,7.8
909,41411,8.6,-1,8,8.7,8.7,9,8.6,8.6
910,41412,8.4,-1,8,-1,-1,9.3,7.8,8.5
911,41413,8.6,-1,7.8,8.9,8.3,8.8,8.1,8.1
912,41414,5,-1,2.5,-1,5,-1,5,4.5
913,41415,7.8,-1,8,7.9,7.8,7.9,7.8,7.8
914,41416,8.5,-1,7.6,8.1,8.1,8.1,8.1,8
915,41417,8.6,-1,8.9,8.5,-1,8.4,8.4,8.5
916,41419,9.1,-1,7.1,8.8,8.8,8.4,8.4,8.3
917,41420,-1,-1,-1,-1,-1,-1,-1,-1
918,41422,4,-1,6,-1,-1,4,4,4.8
919,41424,-1,-1,-1,-1,-1,-1,-1,-1
920,41426,10,-1,8,-1,-1,10,8,9.2
921,41427,-1,-1,-1,-1,-1,-1,-1,-1
922,41428,6.8,-1,6.8,-1,-1,8.3,6.8,7.2
923,41434,7.5,-1,7.5,-1,7.5,7.5,7.5,7.5
924,41435,10,-1,7.5,-1,7.5,7.5,5,7.4
925,41437,9.4,-1,9.1,9.4,-1,9.6,-1,9.3
926,41438,10,-1,8.3,10,10,9.2,10,8.7
927,41439,7.1,-1,8.4,-1,7.2,7.3,6.1,6.9
928,41445,9.4,-1,8.8,8.1,8.1,9.4,9.4,8.5
929,41446,6.2,-1,6.9,8.8,-1,8.1,-1,7.6
930,41447,6.8,8,7.7,6.8,-1,7.3,-1,4.7
931,41449,-1,-1,-1,-1,-1,-1,-1,-1
932,41450,-1,-1,-1,-1,-1,-1,-1,-1
933,41451,8.3,-1,8.5,8.5,-1,8,-1,8.1
934,41452,7.5,-1,7.5,-1,7.5,7.5,7.5,7.5
935,41456,8.2,8,8.2,8.2,-1,7.7,-1,7.4
936,41457,8.4,-1,7.6,-1,-1,6.4,6.4,7.3
937,41459,8,7,8.5,8.1,-1,8,7.5,8.3
938,41460,8.8,8,8.7,9.1,-1,8.9,7.7,8
939,41462,-1,-1,-1,-1,-1,-1,-1,-1
940,41464,8,7.3,8,8.4,-1,8.2,-1,7.8
941,41466,7.2,8,7.8,8.1,-1,7.5,5.8,7.3
942,41467,9,-1,8.7,-1,-1,9.1,8.3,8.8
943,41471,7.9,-1,9.1,7.9,-1,7.7,-1,7.8
944,41473,-1,-1,-1,-1,-1,-1,-1,7.8
945,41475,8,7.3,8,8.4,-1,8.2,-1,7.5
946,41477,7.6,-1,7.5,7.7,7.7,7.5,7.2,7.7
947,41479,8.4,-1,7.2,-1,8.4,8.8,8.6,8.4
948,41481,8.5,-1,8.7,8.5,-1,8.3,-1,8.6
949,41482,-1,-1,-1,-1,-1,-1,-1,2
950,41486,8.4,7.3,8.2,8.3,-1,8.1,-1,7.2
951,41488,-1,-1,-1,-1,-1,-1,-1,10
952,41489,8.4,-1,7.2,-1,8.4,8.8,8.6,8.4
953,41492,-1,-1,-1,-1,-1,-1,-1,10
954,41494,8.6,-1,8.9,8.7,8.7,8.8,8.6,8.8
955,41496,-1,-1,-1,-1,-1,-1,-1,8.5
956,41500,8,7.3,8,8.4,-1,8.2,-1,8.2
957,41502,10,-1,10,10,-1,10,-1,9.3
958,41504,7.9,-1,9.1,7.9,7.9,8.2,7.7,8.3
959,41508,-1,-1,-1,-1,-1,-1,-1,10
960,41509,6,-1,8.3,6.5,6.5,6.6,6.1,6.8
961,41510,7.7,7,8,7.9,8.1,7.7,7.4,7.9
962,41512,8.9,-1,7.8,8.7,8.8,8.7,8.6,8.6
963,41514,9.2,-1,8.8,9,9,9.3,8.8,9.2
964,41516,8.6,-1,9.6,8.3,8.3,8.7,8,8.6
965,41519,-1,-1,-1,-1,-1,-1,-1,-1
966,41521,9.6,-1,9.7,9.5,9.5,9.6,9.6,9.4
967,41523,8.5,-1,8.9,8.7,8.3,8.8,8.2,8.8
968,41533,-1,-1,-1,-1,-1,-1,-1,10
969,41538,-1,-1,-1,-1,-1,-1,-1,-1
970,41539,-1,-1,-1,-1,-1,-1,-1,-1
971,41540,8.1,7.1,8.5,8.1,-1,7.7,-1,8.2
972,41545,7.1,-1,8.4,-1,7.2,7.3,6.1,6.9
973,41547,-1,-1,-1,-1,-1,-1,-1,-1
974,41550,8,7.3,8,8.4,-1,8.2,-1,8.2
975,41554,7.8,-1,8.7,10,8.1,8.8,7.4,7.9
976,44243,8.6,-1,8.7,8.5,6.9,8.2,7.1,8.2
977,44246,-1,-1,-1,-1,-1,-1,-1,-1
978,44247,9.1,9.3,8,8.9,-1,8.7,8.8,8.9
979,44248,8,7.3,8,8.4,-1,8.2,-1,8.1
980,44249,7.7,8,8.3,7.3,-1,7.7,-1,8.3
981,44250,8.5,8,8.6,8.6,7.9,8.6,7.8,8
982,44251,8,10,9,8,-1,8,-1,-1
983,44252,8,7.3,8,8.4,-1,8.2,-1,8.1
984,44253,7.7,-1,8,8,8.1,7.8,7.4,7.9
985,44255,4,-1,6,-1,-1,6,2,5.2
986,44759,8.8,8,8.1,8.4,8.4,8.4,8.6,8.5
987,44760,7.6,-1,7.4,-1,6.9,8.9,7.9,7.8
988,44763,8.5,8,8.8,8.4,-1,8.4,-1,8.5
989,44764,10,-1,10,10,-1,10,-1,6
990,44766,-1,-1,-1,-1,-1,-1,-1,6.9
991,44767,-1,-1,-1,-1,-1,-1,-1,-1
992,44966,-1,-1,-1,-1,-1,-1,-1,-1
993,44967,-1,-1,-1,-1,-1,-1,-1,6.9
994,45000,10,8,8,10,-1,10,-1,6
995,45097,10,-1,10,-1,-1,10,8,9.6
996,45156,-1,-1,-1,-1,-1,-1,-1,2
997,45340,8.8,-1,9.2,8.8,-1,8.6,7.4,8.5
998,45582,9.7,-1,8.9,-1,-1,9.4,9.1,9.1
999,45938,-1,-1,-1,-1,-1,-1,-1,2
1000,46034,7.1,-1,6.7,-1,-1,6.7,5.8,6.7
1001,46109,8.3,8,8.6,8,-1,8,-1,8.5
1002,46180,8.4,-1,8.8,-1,-1,8.3,7.8,8.2
1003,46224,-1,-1,-1,-1,-1,-1,-1,-1
1004,46301,-1,-1,-1,-1,-1,-1,-1,9
1005,46305,-1,-1,-1,-1,-1,-1,-1,9
1006,46359,-1,-1,-1,-1,-1,-1,-1,-1
1007,46369,10,-1,10,-1,10,10,10,9.7
1008,46396,-1,-1,-1,-1,-1,-1,-1,8.7
1009,46447,-1,-1,-1,-1,-1,-1,-1,-1
1010,46520,7,-1,7,-1,-1,6,5,6
1011,46540,8.6,-1,8.3,8.3,-1,8,-1,8.4
1012,46600,-1,-1,-1,-1,-1,-1,-1,9.3
1013,46604,6,-1,6,6,-1,6,-1,5.2
1014,46622,8,7.3,8,8.4,-1,8.2,-1,9.1
1015,46653,10,-1,9,-1,-1,10,9,9.6
1016,46753,-1,-1,-1,-1,-1,-1,-1,-1
1017,46782,7.7,-1,9.4,-1,6.4,8.4,7.3,8.2
1018,46783,8.9,-1,8.8,9.7,-1,9.2,7.7,8.8
1019,46873,-1,-1,-1,-1,-1,-1,-1,8
1020,46880,10,8,9,9,-1,9,-1,8.6
1021,46905,-1,-1,-1,-1,-1,-1,-1,4
1022,47014,-1,-1,-1,-1,-1,-1,-1,-1
1023,47128,10,-1,10,10,-1,10,-1,7
1024,47135,9.4,-1,9.4,9.4,-1,10,-1,9.5
1025,47192,7.7,7.3,8.5,8.4,7.5,8.4,7.3,8
1026,47198,7.4,-1,8.4,-1,8.2,8.1,6.7,7.8
1027,47211,10,10,10,10,-1,10,-1,-1
1028,47253,9.3,-1,8,-1,-1,8.7,8,8.4
1029,47257,8.3,7.6,8.4,8.2,-1,8.1,-1,7.9
1030,47272,9.1,-1,9.2,9.3,8.9,9.2,8.8,8.8
1031,47308,8.4,8,8,8,-1,8,-1,9.3
1032,47310,8,-1,8,-1,-1,8,6,6.5
1033,47411,-1,-1,-1,-1,-1,-1,-1,8.7
1034,47429,8,7.3,8,8.4,-1,8.2,-1,9.1
1035,47488,9.3,8,8.8,8.7,-1,9.1,10,9.1
1036,47540,8.8,-1,7.5,-1,8.8,10,8.8,8.7
1037,47541,8.6,-1,7.7,9,-1,8.2,7.8,8.2
1038,1132,7.2,-1,8.1,-1,7.8,7.2,6.7,7.2
1039,4368,7.5,-1,8.2,-1,7.4,7.6,6.8,7.5
1040,4691,7.6,6,7.6,8.7,6.7,7.4,6.6,6.7
1041,7693,8.4,7.5,8.2,8.3,-1,8.2,-1,8.5
1042,22785,8.9,8.4,8.8,8.8,-1,9,8.9,8.6
1043,23506,8.3,8,8.9,10,6.8,8.3,7.5,8.1
1044,42838,9.1,8,8.8,8.7,-1,9.2,8.8,8.7
1045,42840,7.5,8,8.1,8.1,-1,7.2,6,7.3
1046,42842,6.4,-1,7.1,5,-1,6,6,6.4
1047,42844,7,-1,8,-1,-1,7,7,7.1
1048,42847,8,7.5,8.1,8.5,-1,7.9,6.9,7.8
1049,42848,8.5,-1,8.4,-1,8.1,8.9,7.8,8.4
1050,42850,8.1,7.7,8.5,8.4,8.3,8.4,7.9,8.3
1051,42851,6.5,-1,7.6,6.5,-1,6.2,-1,6.5
1052,42852,8.2,8,8,8,-1,8,-1,8
1053,42854,8.6,-1,8.3,-1,8.8,9.3,8.5,8.7
1054,42855,7.8,-1,8.1,8.1,8.1,8.1,7.5,8.1
1055,42859,9.3,-1,9.4,-1,9.6,9.5,9.2,9.4
1056,42862,8,-1,10,-1,-1,10,10,9.6
1057,46416,9,-1,8.6,8.8,8.8,9,8.8,8.9
1058,46874,8,8,9,8,-1,8,-1,-1
1059,46888,8.8,-1,9,-1,8.8,8.9,8.2,8.7
1060,47250,9.8,8,8.3,9.4,-1,5.6,10,7.7
1061,187,8.2,7.7,8.5,8,-1,7.9,-1,7.8
1062,356,7.4,7.5,7.3,8.3,4.7,7.1,5,6.9
1063,580,7.6,-1,8.3,8,7.2,7.3,6.3,6.9
1064,861,7.9,6,6.8,6,8.9,7.9,8.5,8.4
1065,983,6.8,7.4,7.6,8.9,6.4,6.9,5.3,6.9
1066,1090,7,-1,7,-1,7.7,6.8,6,6.7
1067,1152,7.4,7.5,7.6,8,6.8,7.6,6.8,7.1
1068,1309,7.2,-1,8.3,8.1,6.2,7.3,6.1,7.5
1069,1620,8,8,7.4,7.7,-1,8,-1,8.2
1070,1952,8,7.5,8.3,8.2,-1,7.8,-1,7.5
1071,2302,8.4,8.4,9,8.9,8.4,8.6,7.7,8.5
1072,2795,4.2,-1,5.3,-1,5,5.3,4.2,4.8
1073,3018,6.5,6.7,8,7.9,5.9,6.8,5.8,6.9
1074,3124,5.3,-1,7.3,-1,3,6.3,5.6,6.8
1075,3425,7.1,7.4,8.8,8.1,6.4,7,6.1,7.5
1076,3538,8.8,-1,9.6,9,9,9,8.6,9.1
1077,3797,6.6,8.4,7.8,8.1,6,6.3,5.1,6.8
1078,5471,4.8,4,6.8,4.8,-1,5.6,-1,5.8
1079,6083,7.3,-1,8.1,-1,-1,8,6.6,7.2
1080,6168,8.1,4,8,4.8,9.3,8.3,8.6,8
1081,6481,6.9,-1,8,-1,7.2,7,6.3,6.9
1082,8782,-1,-1,-1,-1,-1,-1,-1,-1
1083,9421,6.3,8.4,8,8.9,5,7.9,5,7.3
1084,22000,7.9,8.2,7.5,8.8,-1,8.5,7.3,7.9
1085,22035,9,-1,8.9,-1,8.9,9.2,8.8,8.9
1086,22054,7.7,6,9.2,6.6,-1,7,6,7.8
1087,22421,7.8,8.7,8.3,8.5,-1,8.3,7,8.1
1088,22665,8.9,-1,8.2,-1,8.9,9.3,8.6,8.7
1089,22822,8,-1,8.8,-1,8.2,9.1,7.8,8.4
1090,23126,8.6,7.7,7.9,9,-1,8.3,8.1,8.2
1091,29450,9.7,8,9.6,8.3,-1,9.5,10,9.4
1092,29453,9,8.4,9.1,8.9,8.9,9.1,8.6,8.7
1093,29464,8.3,8,8.6,8.7,7.9,8.5,7.4,8.3
1094,29467,9.1,-1,8.4,-1,-1,8.3,7.7,8.5
1095,29468,8.6,7.4,8.2,8.7,-1,8.4,8.2,8.4
1096,29485,7.9,-1,7.9,-1,8.3,8.8,8.3,8.3
1097,29501,8.8,8.5,8,9,-1,8.8,8,8.5
1098,29511,6,-1,5.3,-1,-1,6.7,5.3,5.7
1099,29515,8.9,8,8.9,8.7,-1,8.6,-1,8.8
1100,29521,8.5,8.2,8.7,8.8,7.7,7.6,7.8,8.2
1101,29531,7.9,7.8,8.2,8.3,-1,7.7,7.2,7.9
1102,29723,9.1,-1,8.7,-1,9.1,9.5,8.1,8.9
1103,29728,7.7,8.2,8.8,8.5,-1,7.1,6.2,7.2
1104,29736,9.6,-1,8.8,-1,-1,9.2,8,9.1
1105,29737,8.7,8.2,8.2,8.7,-1,8.6,7.6,8.5
1106,41555,8.3,7.8,7.9,8.6,-1,7.9,7.5,8
1107,41556,8.8,8.5,8.2,8.9,-1,8.5,8.1,8.4
1108,41557,8.5,-1,8.1,-1,-1,8.6,7.8,8.3
1109,41559,7.8,7.9,8.2,8.4,-1,7.9,6.8,7.9
1110,41560,8.8,8.5,8,9,-1,8.8,8,8.6
1111,41561,7.9,7.8,8.2,8.3,-1,7.7,7.2,7.9
1112,41562,9.6,7.8,7.8,8.3,-1,9.4,10,8.9
1113,41564,8.3,7.7,8.6,7.5,-1,7.9,7.6,8.1
1114,41565,8.7,8.4,8.5,8.7,-1,8.6,7.6,8.3
1115,41566,7.9,8.2,7.5,8.8,-1,8.5,7.3,7.9
1116,41568,7.8,-1,8,-1,-1,7.8,7.2,7.7
1117,41569,7.3,-1,8.1,-1,-1,8,6.6,7.5
1118,41570,9.1,8.4,9.4,9.2,-1,9.4,8.1,8.2
1119,41571,6.4,6.6,7,7,-1,7,5.9,6.7
1120,41572,7.9,7.3,8.3,8,-1,8.1,8,8.2
1121,41573,7.9,4,8.5,8,-1,7.3,6.7,7.4
1122,41574,8.7,-1,8.8,-1,-1,8.4,7.8,8.9
1123,41575,8.5,8.3,8.7,9.1,-1,8.7,7.3,8.3
1124,41576,9.3,-1,9.6,-1,9.2,9.3,8.8,9.2
1125,41579,7.8,-1,8.4,-1,7.8,8.4,7.2,7.9
1126,41580,9.6,7.8,8.4,8.3,10,9.4,10,9.3
1127,41581,7.8,8,7.8,9,-1,8.1,7.6,7.4
1128,41583,9.1,7.6,9.4,9,-1,9.2,8.4,9.1
1129,41584,8.8,8,8.8,8.8,-1,8.8,-1,7.9
1130,41585,9,8,8.8,8.9,-1,8.8,8,8.6
1131,41586,8.6,8,7.6,8.8,-1,8,7.8,8.1
1132,41587,7.5,6.7,8,7.6,-1,7.2,6.1,7.4
1133,41588,8.3,8.1,8.4,8.7,-1,8.3,7.5,8.1
1134,41589,9.2,-1,8.4,7,-1,8.7,8.7,9.3
1135,41592,-1,-1,-1,-1,-1,-1,-1,10
1136,41593,9.5,-1,9.3,-1,-1,9.7,9.2,9.6
1137,41594,10,-1,10,-1,-1,10,10,9.4
1138,41595,8.4,8,7.4,8.3,8.2,8.7,7.8,8
1139,41596,7.8,8,8.4,8,-1,7.9,6.3,7.8
1140,41598,8.2,10,5.2,8.5,-1,7.4,6.8,7.2
1141,41599,9.3,-1,8.8,-1,8.9,9.2,8.3,8.8
1142,41600,-1,-1,-1,-1,-1,-1,-1,-1
1143,41604,10,-1,10,-1,10,10,10,10
1144,41606,10,-1,10,-1,-1,10,2,8.4
1145,41607,9.5,-1,8.6,-1,9,9.3,8.8,9.1
1146,41608,9.4,-1,8.9,-1,9.2,9.3,8.9,8.1
1147,41609,-1,-1,-1,-1,-1,-1,-1,-1
1148,41610,8.1,-1,8.2,-1,8.1,8.2,8,8.2
1149,41611,8.4,-1,9.4,-1,8.5,8.8,8.1,8.6
1150,41613,8,7.5,8.2,7.9,-1,7.7,7.5,7.9
1151,41614,8.3,-1,9.4,8.3,8.3,8.8,8.3,8.7
1152,41615,-1,-1,-1,-1,-1,-1,-1,-1
1153,41616,9.4,-1,9.3,-1,-1,9.6,9,9.1
1154,41618,-1,-1,-1,-1,-1,-1,-1,-1
1155,41619,8.5,-1,9.5,-1,9,9.8,8.7,9.2
1156,41620,7.5,-1,7.5,-1,7.5,10,7.5,7.8
1157,41621,7.6,6,8.1,7.2,-1,8,7,7.7
1158,41624,6,-1,6,-1,-1,8,6,6.4
1159,41625,7.6,-1,7.3,-1,7.6,8.7,7.1,7.7
1160,41626,8.4,-1,7.9,-1,8.2,8.5,8,8.3
1161,41629,8.2,-1,8.7,-1,7.7,8.9,8,8.3
1162,41630,9.3,8.5,8.4,8.9,-1,8.8,-1,8.5
1163,41631,7,-1,6,7,-1,5,7,7.6
1164,41632,9.4,-1,8.1,9.4,9.4,9.7,9.4,9.6
1165,41636,8.3,-1,8.1,-1,8,8.6,8,8.1
1166,41637,8.7,-1,8.6,-1,8.6,9.5,8.3,8.8
1167,41638,7.9,-1,7.8,-1,7.9,8.1,7.2,7.7
1168,41640,8.8,-1,8.9,-1,8.9,9,8.6,8.8
1169,41642,-1,-1,-1,-1,-1,-1,-1,-1
1170,41643,9.4,-1,9.1,-1,9.3,9.7,8.9,9.3
1171,41644,7.2,-1,7.5,-1,7.5,7.5,7.2,7.4
1172,41645,7.3,7.3,7.3,7.8,-1,7.9,4,6.9
1173,41646,8.5,-1,9,-1,9.3,8.3,8.3,8.6
1174,41647,8.9,-1,8.2,-1,8.9,9.3,8.6,8.7
1175,41648,8.8,-1,7.6,-1,8.5,9.1,8.5,8.6
1176,41649,8.5,-1,7.9,7.6,7.6,8.4,7.8,8.2
1177,41650,7.3,7,8,7.3,-1,7.3,-1,10
1178,41651,8.3,-1,8.7,-1,7.9,8.6,7.5,8.2
1179,41652,9.6,-1,10,-1,9.6,10,9.2,9.6
1180,41653,8.9,-1,8.4,-1,8.5,9,8.3,8.7
1181,41654,9,8,8,9.3,8.3,8.9,8.2,8.3
1182,41655,5,-1,5.8,-1,8.8,7.5,5.8,6.2
1183,41657,10,-1,10,-1,10,10,10,10
1184,41658,-1,-1,-1,-1,-1,-1,-1,-1
1185,41659,-1,-1,-1,-1,-1,-1,-1,-1
1186,41660,-1,-1,-1,-1,-1,-1,-1,8.2
1187,41661,8.4,8,8.1,8.9,-1,9.4,6,8.2
1188,41664,3.3,-1,3.3,-1,3.3,3.3,3.3,3.1
1189,41665,9.4,-1,8.2,-1,9.4,9.6,9.1,9.2
1190,41667,9.4,-1,8.1,-1,9.2,8.9,8.9,8.9
1191,41668,9.2,-1,9.4,-1,9.5,9.6,8.7,9.3
1192,41670,9,8,7.7,9,9.3,8.6,8.5,8.6
1193,41672,9.4,-1,9.3,-1,9.9,9.7,8.9,9.5
1194,41673,7.5,-1,8.3,-1,7.5,8.3,7.5,7.8
1195,41675,8.5,-1,9.2,8.7,-1,8.6,-1,8.8
1196,41677,6.3,-1,7.5,-1,7.5,8.1,7.5,7.4
1197,41678,8.9,8.4,9,9.2,-1,8.7,7.8,7.9
1198,41679,7.3,-1,7.8,8,5.5,7.7,5,7.1
1199,41680,9.7,8,9.4,9.3,-1,9.6,9.2,9.4
1200,41681,-1,-1,-1,-1,-1,-1,-1,-1
1201,41682,-1,-1,-1,-1,-1,-1,-1,-1
1202,41686,10,-1,10,-1,10,10,10,10
1203,41688,5.7,-1,5.4,-1,6.1,6.1,6.1,5.7
1204,41689,10,-1,10,-1,-1,10,10,10
1205,41690,8.3,8,8.2,9.3,8.6,9,8.2,8.4
1206,41691,8.9,-1,8.1,7,9.3,8.4,8.4,9
1207,41697,8.6,7.7,8.8,8.5,-1,8.2,-1,7.6
1208,41699,9.4,-1,10,-1,9.4,9.2,9.4,9.4
1209,41700,8.3,-1,10,-1,7.5,10,7.5,8.6
1210,41701,8.3,-1,8.3,-1,-1,9,8.7,8.7
1211,41702,10,-1,9.5,-1,10,10,10,9.8
1212,41703,8.5,-1,9.2,8.7,-1,8.6,-1,8.8
1213,41706,7.8,7.3,7.8,7.8,-1,7.8,-1,8.2
1214,41708,-1,-1,-1,-1,-1,-1,-1,-1
1215,41709,8.8,-1,7.5,-1,8.8,8.8,7.5,8.2
1216,41710,8.3,-1,8.3,-1,-1,9,8.7,8.7
1217,41712,9.6,-1,9.3,-1,9.6,9.6,9.6,9.5
1218,41717,9.6,-1,9.4,-1,9.3,9.6,9.2,9.4
1219,41718,-1,-1,-1,-1,-1,-1,-1,-1
1220,41721,8.3,-1,8.3,-1,-1,9,8.7,8.7
1221,41722,9.3,-1,8,-1,-1,10,9.3,9.1
1222,41723,2,-1,2,-1,-1,4,2,2.4
1223,41724,9.2,-1,8.8,-1,9.2,9.8,8.9,9.2
1224,41726,7.5,-1,8.7,8.8,-1,7.4,7.3,7.9
1225,41727,10,-1,8,-1,-1,10,10,9.2
1226,41728,8.3,-1,8.3,-1,-1,9,8.7,8.7
1227,41730,10,-1,8,-1,-1,10,10,9.2
1228,41732,-1,-1,-1,-1,-1,-1,-1,-1
1229,41733,7,8,7,8,-1,6,-1,-1
1230,41735,-1,-1,-1,-1,-1,-1,-1,8
1231,41738,10,-1,10,-1,10,5,7.5,8.8
1232,41741,10,-1,8.2,-1,9.6,9.6,10,9.5
1233,41742,9.3,-1,8.8,-1,8.9,9.2,8.3,8.8
1234,41743,3.3,-1,3.3,-1,3.3,3.3,3.3,3.1
1235,41744,-1,-1,-1,-1,-1,-1,-1,-1
1236,41747,6,-1,4,-1,-1,2,4,4.4
1237,41748,8,-1,7,7,-1,7,-1,-1
1238,41749,9.3,-1,7.9,7,10,9,9.2,9.6
1239,41754,7.7,-1,8.2,4,8.5,8.2,8.6,8.8
1240,41755,7.7,-1,8,-1,7.7,8.1,7.3,7.8
1241,41756,10,8,8,10,-1,10,-1,-1
1242,41760,9.3,-1,7.9,7,10,9,9.2,9.6
1243,41761,9.1,-1,8.7,-1,9.1,9.5,8.1,8.9
1244,41764,8,-1,9,-1,-1,7,7,7.4
1245,41765,8.9,-1,8.1,7,9.3,8.4,8.4,9
1246,41767,6.7,8,7.3,6.7,-1,6,-1,6.4
1247,41770,8.8,-1,7.6,-1,8.5,9.1,8.5,8.6
1248,41772,-1,-1,-1,-1,-1,-1,-1,-1
1249,41774,-1,-1,-1,-1,-1,-1,-1,-1
1250,41776,7.5,-1,7.2,-1,7.8,8.1,6.4,7.2
1251,41777,8.3,-1,7.9,-1,8.3,8.8,7.9,8.3
1252,41778,7.8,8,7.8,9,-1,8.1,7.6,7.4
1253,41779,5.4,8.3,6.6,8.6,-1,6.8,2,5.5
1254,41780,9,8,9,9,-1,8,-1,-1
1255,41781,8.4,-1,9,-1,8.6,9.3,7.8,8.6
1256,41785,8,-1,7,7,-1,7,-1,-1
1257,41787,-1,-1,-1,-1,-1,-1,-1,-1
1258,41789,-1,-1,-1,-1,-1,-1,-1,-1
1259,41790,10,-1,8,-1,-1,10,10,9.2
1260,41791,8.2,8.4,8.9,8.8,-1,7.6,6.9,8.2
1261,41792,-1,-1,-1,-1,-1,-1,-1,-1
1262,44260,9.3,7,9.6,8.8,-1,9.1,8.7,9.1
1263,44262,-1,-1,-1,-1,-1,-1,-1,-1
1264,44263,-1,-1,-1,-1,-1,-1,-1,-1
1265,44265,9.2,-1,8.4,7,-1,8.7,8.7,9.3
1266,44266,10,-1,7.5,-1,10,10,10,9.4
1267,44267,10,-1,10,-1,10,5,7.5,8.8
1268,44771,9.6,7.8,7.8,8.3,-1,9.4,10,8.7
1269,44772,8.3,-1,8.3,-1,-1,9,8.7,8.7
1270,44773,-1,-1,-1,-1,-1,-1,-1,-1
1271,44972,-1,-1,-1,-1,-1,-1,-1,-1
1272,45102,8.7,7.3,8.4,7.5,-1,8.7,8.9,9.1
1273,45291,9.1,-1,8.7,-1,9.1,9.5,8.1,8.9
1274,45553,6,6,6,6,-1,6,-1,-1
1275,45627,7.6,7.4,8.4,8,-1,7.4,6.7,7.5
1276,45775,-1,-1,-1,-1,-1,-1,-1,8
1277,45871,-1,-1,-1,-1,-1,-1,-1,-1
1278,45903,-1,-1,-1,-1,-1,-1,-1,8
1279,46095,9.4,-1,8.1,-1,9.2,8.9,8.9,8.9
1280,46118,9,8,9.2,9,-1,9,-1,8.7
1281,46241,8,-1,8.5,-1,7.5,7,7.5,7.7
1282,46346,9.7,-1,10,-1,-1,9.7,9.3,9.7
1283,46349,-1,-1,-1,-1,-1,-1,-1,-1
1284,46555,9.3,-1,9.3,8,8.8,9.3,8.1,9.1
1285,46562,10,-1,9.7,10,-1,9.7,2,8.4
1286,46597,-1,-1,-1,-1,-1,-1,-1,-1
1287,46758,7,10,4,6,-1,8,-1,8.4
1288,46887,9.1,-1,8.1,-1,8.9,9.3,8.8,8.9
1289,46926,-1,-1,-1,-1,-1,-1,-1,-1
1290,47090,8.9,8,8.9,8.8,-1,9.6,8,9
1291,47150,9.1,-1,9.1,-1,-1,9.3,8.3,8.9
1292,47179,9,8,9,9,-1,8,-1,-1
1293,47391,-1,-1,-1,-1,-1,-1,-1,-1
1294,47480,7.3,7.4,7.2,8.7,7.1,7.5,6.2,7.4
1295,47574,-1,-1,-1,-1,-1,-1,-1,-1
1296,825,8.7,-1,8.8,-1,8.7,8.9,8.1,8.6
1297,939,4,-1,10,4,-1,4,-1,-1
1298,2758,4,-1,10,4,-1,4,-1,-1
1299,4385,5.3,-1,8.7,-1,5.4,6.9,6,6.6
1300,4932,9.2,8,8.4,8.8,-1,9.2,-1,9.1
1301,5368,8.9,7.8,9,8.7,-1,8.4,-1,8.7
1302,7977,8.3,7,7.9,8.1,-1,8.2,-1,7.8
1303,22082,10,-1,10,-1,-1,10,10,10
1304,22628,-1,-1,-1,-1,-1,-1,-1,-1
1305,23220,6.8,-1,7.8,6.8,-1,6.2,-1,7.6
1306,42678,8.9,8.3,8.8,8.9,-1,8.8,-1,8.3
1307,42684,9,-1,7.9,8.8,8.8,9,8.7,8.6
1308,42687,7.7,8.2,7.3,8.8,7.2,7.8,6.8,7.7
1309,44794,6.8,-1,7.8,6.8,-1,6.2,-1,7.6
1310,45548,5.6,8,7.7,6.4,5.6,6.6,5.6,6.4
1311,45601,8.3,7,7.9,8.1,-1,8.2,-1,7.8
1312,46023,8.1,-1,7.9,8.4,8.4,7.3,7.2,7.6
1313,46807,-1,-1,-1,-1,-1,-1,-1,-1
1314,47142,10,-1,8,10,-1,8,-1,-1
1315,82,7.3,6,8.7,7.3,-1,7.3,-1,-1
1316,630,-1,-1,-1,-1,-1,-1,-1,8.2
1317,1182,8.7,8,8.7,8.6,-1,8.2,-1,8.6
1318,1271,8,7.3,8.4,8,-1,8.2,-1,8.3
1319,1360,7.3,6,8,7.3,-1,7.3,-1,7.5
1320,1432,6,6.7,8,6,-1,6,-1,-1
1321,2899,6.7,7.2,6.9,6.8,-1,6.4,-1,7.2
1322,4615,9,8,8.5,9,-1,8.5,-1,8.8
1323,4938,8.1,8,8.4,8.7,7.1,8,7.2,7.9
1324,6251,8.8,-1,7.8,-1,-1,8.8,8.3,7.9
1325,6642,8.6,8.2,8.3,8.3,-1,8,-1,8.2
1326,9491,8.9,-1,9.2,8,-1,8.9,10,8.9
1327,9836,-1,-1,-1,-1,-1,-1,-1,8
1328,21746,-1,-1,-1,-1,-1,-1,-1,-1
1329,21903,9.4,8.6,9.3,9.6,-1,9.3,-1,8.6
1330,22157,8.7,8.4,8.6,8.2,-1,8,-1,8.4
1331,22214,8,6,8,8,-1,7.5,-1,7.5
1332,22221,8,6,9,8,-1,8,-1,5.6
1333,22254,8.4,-1,8,-1,-1,7.6,7.8,8
1334,22286,8.1,8.2,8.3,8,-1,7.8,7.7,7.4
1335,22653,9,-1,9,-1,-1,9,9,9
1336,22812,7.9,8,6.9,8.4,-1,7.5,6.9,7.3
1337,22859,9,8,8.9,8.8,-1,8.9,8.8,8.7
1338,22973,9.3,7.3,9.4,8.3,-1,9.4,10,9.5
1339,23146,8.3,8.6,8.7,8.8,-1,8.1,7.5,8.3
1340,42644,8.6,8.3,8.5,8.5,-1,8.4,-1,8.7
1341,42647,7.8,7.5,7.4,7.6,-1,7.4,-1,6
1342,42648,6.7,-1,7.4,6.6,6.6,7.4,6.8,7
1343,42655,9.1,-1,8.1,9.3,-1,9.1,8.9,8.8
1344,42659,8.7,8,8.7,8.6,-1,8.2,-1,8.6
1345,42663,8.7,8,8.7,8.6,-1,8.2,-1,8.6
1346,42664,6.7,7.6,6.8,7.1,-1,5.9,4,6.6
1347,42665,7.6,6,7.2,7.6,-1,7.6,-1,7.8
1348,42667,7.6,6,7.2,7.6,-1,7.6,-1,7.8
1349,42670,7.6,6,7.2,7.6,-1,7.6,-1,7.8
1350,42674,-1,-1,-1,-1,-1,-1,-1,8.5
1351,42676,-1,-1,-1,-1,-1,-1,-1,6.7
1352,43245,9.2,-1,9.3,9.1,-1,8.7,-1,9.2
1353,44307,8,-1,8,-1,-1,6,6,5.9
1354,44309,7,-1,7,7,6.9,6.7,6.3,7.2
1355,46051,8.7,8,8,8.7,-1,8.7,-1,8.7
1356,46075,8.6,7.8,8.2,8.4,-1,8.4,-1,8.8
1357,46862,-1,-1,-1,-1,-1,-1,-1,-1
1358,42225,-1,-1,-1,-1,-1,-1,-1,-1
1359,42226,9.7,-1,9.6,9.8,-1,9.7,-1,9.7
1360,42227,8,-1,10,-1,-1,10,8,8.8
1361,42229,-1,-1,-1,-1,-1,-1,-1,-1
1362,42231,9.7,-1,9.6,9.8,-1,9.7,-1,9.7
1363,42236,9.7,-1,9.6,9.8,-1,9.7,-1,9.7
1364,42252,-1,-1,-1,-1,-1,-1,-1,-1
1365,42253,-1,-1,-1,-1,-1,-1,-1,-1
1366,43168,-1,-1,-1,-1,-1,-1,-1,-1
1367,44283,-1,-1,-1,-1,-1,-1,-1,-1
1368,46494,-1,-1,-1,-1,-1,-1,-1,-1
1369,8003,8.3,8,8.7,8.3,-1,8,-1,8.7
1370,8008,8.3,8,8.7,8.3,-1,8,-1,8.7
1371,21609,7.5,-1,9.2,-1,8.3,10,8.3,8.8
1372,22045,9,-1,9.4,8.8,-1,8.6,-1,9.1
1373,22835,-1,-1,-1,-1,-1,-1,-1,-1
1374,23252,9.7,-1,9.7,-1,9.4,9.7,9.4,9.5
1375,43009,10,-1,10,-1,10,10,10,10
1376,43010,8.9,-1,9.3,9.1,9.1,9.1,8.8,9
1377,43011,8.3,8,8.7,8.3,-1,8,-1,8.7
1378,43012,8.5,-1,9,8.3,8.3,8.8,8.1,8.7
1379,43013,9,8,9.5,9,-1,8,-1,8.6
1380,43017,8.5,-1,9.5,8.8,8.8,9,8.4,8.9
1381,43018,8.3,8,8.7,8.3,-1,8,-1,8.7
1382,43019,7,6,9,4,-1,5,-1,-1
1383,43021,8.6,-1,9.3,7.7,7.7,8.2,7.6,8.6
1384,43022,10,10,8,10,-1,8,-1,-1
1385,43026,9.7,-1,9.7,-1,9.4,9.7,9.4,9.5
1386,43031,-1,-1,-1,-1,-1,-1,-1,-1
1387,43032,7,6,9,4,-1,5,-1,-1
1388,46002,8,8,8,8,-1,8,-1,10
